c1,c2,c3,c4,c5,c6,c7,c8,c9,c10,c11,c12,c13,c14,c15,c16,c17,c18,c19,c20,c21,c22,c23,c24,c25,c26,c27,c28,c29,c30,c31,c32,c33,c34,c35,c36,c37,c38,c39,c40,c41,c42,c43,c44,c45,c46,c47,c48,c49,c50,c51,c52,c53,c54,c55,c56,c57,c58,c59,c60,c61,c62,c63,c64,c65,c66,c67,c68,c69,c70,c71,c72,c73,c74,c75,c76,c77
2700 Registered Voters,All,Gender,Age,<50 / 50+,Race,Class,White X Class,Paycheck,Party Affiliation,Ideology,2016 Vote,Education,Income,Marital Status,Child < 18,Single Parent,Religion,Attend Religious Service,Evangelical,Abortion,Union HH,Military HH,LGBTQ HH,Urbanicity,Suburban,Region,,,,,,,,,,,,,,,,,,,,,,,,,,,,,,,,,,,,,,,,,,,,,,,,,,
Credibility Interval: ± ,Male,Female,18-34,35-49,50-64,65+,18-49,50+,White,Black,Hispanic,Asian,Other,Poor,Working,MC,Upper-MC,Working,Middle,Falling,Getting ,Ends Mee,Rainy Da,Prosperi,Republic,Democrat,Independ,Very Con,Conserva,Moderate,Liberal,Very Lib,Trump,Clinton,High Sch,Some Col,4-year C,< $40K,$40K - $,> $80K,Single,Married,No Longe,Yes,No,Yes,No,Protesta,Catholic,Other,No Relig,Regularl,Occasion,Almost N,Yes,No,Strongly,Strongly,In The M,Yes,No,Yes,No,Yes,No,Urban,Suburban,Rural,Male,Female,Central ,Greater ,Inland E,Bay Area,,
Yes,2039,1040,999,602,560,532,344,1163,876,861,114,718,260,85,161,664,901,295,229,401,206,545,541,535,187,577,932,418,180,366,804,432,184,607,915,334,778,926,599,692,747,832,905,302,612,1413,127,1912,389,575,368,706,439,570,992,450,1491,473,843,652,319,1671,349,1672,243,1761,764,1076,198,536,540,457,774,452,355,
No,582,253,329,234,140,97,111,374,208,156,31,291,79,25,74,188,182,79,51,55,57,170,112,135,74,99,125,210,69,97,200,105,16,70,54,191,184,208,250,229,104,285,188,110,148,427,42,540,36,168,116,262,90,174,250,81,454,117,175,218,99,455,155,417,113,453,241,259,82,95,164,135,184,191,72,
Not Sure,79,37,42,47,22,10,0,69,10,20,5,32,8,14,11,28,20,6,10,6,12,26,10,9,8,7,17,23,4,16,21,9,2,5,9,31,30,18,44,23,12,48,19,12,25,48,11,68,9,18,16,37,9,23,31,14,41,18,13,26,5,54,12,56,17,47,26,33,20,13,20,16,33,23,7,
Total,2700,1329,1371,884,722,639,455,1606,1094,1036,151,1041,348,124,246,880,1103,380,290,461,276,740,662,679,268,683,1073,651,254,479,1026,545,202,682,978,556,992,1152,893,944,864,1165,1112,423,784,1888,180,2520,434,761,500,1005,538,767,1273,545,1985,607,1030,895,424,2180,516,2144,374,2260,1032,1368,300,644,724,608,991,667,434,
Composition of Registered Voters,100%,49%,51%,33%,27%,24%,17%,59%,41%,38%,6%,39%,13%,5%,9%,33%,41%,14%,11%,17%,10%,27%,25%,25%,10%,25%,40%,24%,9%,18%,38%,20%,7%,25%,36%,21%,37%,43%,33%,35%,32%,43%,41%,16%,29%,70%,7%,93%,16%,28%,19%,37%,20%,28%,47%,20%,74%,22%,38%,33%,16%,81%,19%,79%,14%,84%,38%,51%,11%,24%,27%,23%,37%,25%,16%,
 ,,,,,,,,,,,,,,,,,,,,,,,,,,,,,,,,,,,,,,,,,,,,,,,,,,,,,,,,,,,,,,,,,,,,,,,,,,,,
2039 Registered Voters,All,Gender,Age,<50 / 50+,Race,Class,White X Class,Paycheck,Party Affiliation,Ideology,2016 Vote,Education,Income,Marital Status,Child < 18,Single Parent,Religion,Attend Religious Service,Evangelical,Abortion,Union HH,Military HH,LGBTQ HH,Urbanicity,Suburban,Region,,,,,,,,,,,,,,,,,,,,,,,,,,,,,,,,,,,,,,,,,,,,,,,,,,
Credibility Interval: ± ,Male,Female,18-34,35-49,50-64,65+,18-49,50+,White,Black,Hispanic,Asian,Other,Poor,Working,MC,Upper-MC,Working,Middle,Falling,Getting ,Ends Mee,Rainy Da,Prosperi,Republic,Democrat,Independ,Very Con,Conserva,Moderate,Liberal,Very Lib,Trump,Clinton,High Sch,Some Col,4-year C,< $40K,$40K - $,> $80K,Single,Married,No Longe,Yes,No,Yes,No,Protesta,Catholic,Other,No Relig,Regularl,Occasion,Almost N,Yes,No,Strongly,Strongly,In The M,Yes,No,Yes,No,Yes,No,Urban,Suburban,Rural,Male,Female,Central ,Greater ,Inland E,Bay Area,,
Donald Trump ,658,392,266,170,183,189,116,352,305,352,14,200,64,27,40,202,310,100,96,172,54,173,150,187,90,462,45,124,146,239,211,36,10,519,32,118,253,286,165,240,253,211,349,97,209,444,29,629,165,167,128,197,201,193,253,229,397,295,130,210,97,547,122,527,46,597,222,356,80,213,143,168,230,173,86,
Joe Biden ,1200,554,646,366,314,304,217,679,521,436,93,457,167,47,106,388,523,171,108,200,133,322,344,308,82,79,831,235,25,103,492,379,162,56,840,183,444,573,369,389,442,535,479,186,347,844,88,1112,194,359,214,432,208,325,647,186,962,143,651,376,194,980,197,998,176,1007,467,640,93,283,357,244,476,247,232,
Undecided,181,94,87,67,64,39,11,131,50,72,7,61,29,11,15,74,68,23,24,29,20,51,46,40,15,37,56,59,9,24,101,16,13,32,42,33,81,67,65,63,53,85,77,19,55,125,10,171,30,48,26,76,29,52,92,35,132,34,61,66,29,144,31,147,21,157,76,80,25,40,40,44,68,32,37,
Total,2039,1040,999,602,560,532,344,1163,876,861,114,718,260,85,161,664,901,295,229,401,206,545,541,535,187,577,932,418,180,366,804,432,184,607,915,334,778,926,599,692,747,832,905,302,612,1413,127,1912,389,575,368,706,439,570,992,450,1491,473,843,652,319,1671,349,1672,243,1761,764,1076,198,536,540,457,774,452,355,
Composition of Registered Voters,100%,51%,49%,30%,27%,26%,17%,57%,43%,42%,6%,35%,13%,4%,8%,33%,44%,14%,11%,20%,10%,27%,27%,26%,9%,28%,46%,20%,9%,18%,39%,21%,9%,30%,45%,16%,38%,45%,29%,34%,37%,41%,44%,15%,30%,69%,6%,94%,19%,28%,18%,35%,22%,28%,49%,22%,73%,23%,41%,32%,16%,82%,17%,82%,12%,86%,37%,53%,10%,26%,26%,22%,38%,22%,17%,
 ,,,,,,,,,,,,,,,,,,,,,,,,,,,,,,,,,,,,,,,,,,,,,,,,,,,,,,,,,,,,,,,,,,,,,,,,,,,,
2039 Registered Voters,All,Gender,Age,<50 / 50+,Race,Class,White X Class,Paycheck,Party Affiliation,Ideology,2016 Vote,Education,Income,Marital Status,Child < 18,Single Parent,Religion,Attend Religious Service,Evangelical,Abortion,Union HH,Military HH,LGBTQ HH,Urbanicity,Suburban,Region,,,,,,,,,,,,,,,,,,,,,,,,,,,,,,,,,,,,,,,,,,,,,,,,,,
Credibility Interval: ± ,Male,Female,18-34,35-49,50-64,65+,18-49,50+,White,Black,Hispanic,Asian,Other,Poor,Working,MC,Upper-MC,Working,Middle,Falling,Getting ,Ends Mee,Rainy Da,Prosperi,Republic,Democrat,Independ,Very Con,Conserva,Moderate,Liberal,Very Lib,Trump,Clinton,High Sch,Some Col,4-year C,< $40K,$40K - $,> $80K,Single,Married,No Longe,Yes,No,Yes,No,Protesta,Catholic,Other,No Relig,Regularl,Occasion,Almost N,Yes,No,Strongly,Strongly,In The M,Yes,No,Yes,No,Yes,No,Urban,Suburban,Rural,Male,Female,Central ,Greater ,Inland E,Bay Area,,
Mike Pence ,591,356,235,154,161,168,107,315,275,325,11,175,58,22,39,178,271,98,89,153,46,141,144,175,79,401,47,118,132,220,193,28,8,435,46,108,232,251,147,215,228,191,318,81,184,402,25,565,166,132,114,178,195,157,230,212,352,284,102,186,82,497,118,465,46,536,201,317,72,192,125,157,196,159,79,
Joe Biden ,1194,571,622,373,313,295,214,685,509,438,93,443,167,53,108,379,521,173,104,204,135,323,334,300,87,94,815,232,27,110,478,378,164,97,801,180,432,583,366,385,442,540,476,178,345,842,89,1104,188,367,203,435,204,333,636,189,957,140,654,365,201,966,194,994,170,1003,470,633,91,298,334,235,488,248,223,
Undecided,254,113,142,75,87,69,23,162,92,98,11,99,35,10,14,107,109,24,36,45,25,80,62,60,20,82,70,68,21,37,133,26,13,75,69,47,115,93,85,92,77,100,111,43,82,169,13,242,35,75,51,93,40,79,126,50,182,48,86,102,36,208,38,213,27,222,93,126,35,46,80,65,90,45,54,
Total,2039,1040,999,602,560,532,344,1163,876,861,114,718,260,85,161,664,901,295,229,401,206,545,541,535,187,577,932,418,180,366,804,432,184,607,915,334,778,926,599,692,747,832,905,302,612,1413,127,1912,389,575,368,706,439,570,992,450,1491,473,843,652,319,1671,349,1672,243,1761,764,1076,198,536,540,457,774,452,355,
Composition of Registered Voters,100%,51%,49%,30%,27%,26%,17%,57%,43%,42%,6%,35%,13%,4%,8%,33%,44%,14%,11%,20%,10%,27%,27%,26%,9%,28%,46%,20%,9%,18%,39%,21%,9%,30%,45%,16%,38%,45%,29%,34%,37%,41%,44%,15%,30%,69%,6%,94%,19%,28%,18%,35%,22%,28%,49%,22%,73%,23%,41%,32%,16%,82%,17%,82%,12%,86%,37%,53%,10%,26%,26%,22%,38%,22%,17%,
 ,,,,,,,,,,,,,,,,,,,,,,,,,,,,,,,,,,,,,,,,,,,,,,,,,,,,,,,,,,,,,,,,,,,,,,,,,,,,
2039 Registered Voters,All,Gender,Age,<50 / 50+,Race,Class,White X Class,Paycheck,Party Affiliation,Ideology,2016 Vote,Education,Income,Marital Status,Child < 18,Single Parent,Religion,Attend Religious Service,Evangelical,Abortion,Union HH,Military HH,LGBTQ HH,Urbanicity,Suburban,Region,,,,,,,,,,,,,,,,,,,,,,,,,,,,,,,,,,,,,,,,,,,,,,,,,,
Credibility Interval: ± ,Male,Female,18-34,35-49,50-64,65+,18-49,50+,White,Black,Hispanic,Asian,Other,Poor,Working,MC,Upper-MC,Working,Middle,Falling,Getting ,Ends Mee,Rainy Da,Prosperi,Republic,Democrat,Independ,Very Con,Conserva,Moderate,Liberal,Very Lib,Trump,Clinton,High Sch,Some Col,4-year C,< $40K,$40K - $,> $80K,Single,Married,No Longe,Yes,No,Yes,No,Protesta,Catholic,Other,No Relig,Regularl,Occasion,Almost N,Yes,No,Strongly,Strongly,In The M,Yes,No,Yes,No,Yes,No,Urban,Suburban,Rural,Male,Female,Central ,Greater ,Inland E,Bay Area,,
Donald Trump ,720,434,286,191,199,204,126,391,329,382,15,220,72,31,45,225,336,108,102,188,61,185,173,199,98,471,71,147,147,254,244,45,12,540,51,126,274,320,173,269,279,237,380,103,231,484,33,688,173,189,136,223,211,212,286,241,447,305,148,240,108,597,133,576,43,661,253,382,85,232,150,182,250,185,103,
Kamala Harris,1149,524,625,354,306,285,204,660,489,403,93,446,163,45,93,370,511,163,102,189,126,300,335,295,79,80,806,212,27,95,463,366,159,46,819,180,426,543,363,372,414,514,461,174,329,813,81,1068,193,345,205,406,204,314,610,184,913,146,628,346,187,935,189,956,178,954,449,614,86,266,348,230,463,238,218,
Undecided,169,81,88,57,55,43,15,112,58,76,6,52,26,9,22,69,54,23,26,23,20,60,32,42,10,27,54,60,6,17,98,21,13,21,45,28,78,63,63,52,54,81,65,24,52,115,13,156,23,41,28,77,23,44,96,25,131,21,66,67,24,139,27,140,23,145,62,80,27,39,42,45,61,30,34,
Total,2039,1040,999,602,560,532,344,1163,876,861,114,718,260,85,161,664,901,295,229,401,206,545,541,535,187,577,932,418,180,366,804,432,184,607,915,334,778,926,599,692,747,832,905,302,612,1413,127,1912,389,575,368,706,439,570,992,450,1491,473,843,652,319,1671,349,1672,243,1761,764,1076,198,536,540,457,774,452,355,
Composition of Registered Voters,100%,51%,49%,30%,27%,26%,17%,57%,43%,42%,6%,35%,13%,4%,8%,33%,44%,14%,11%,20%,10%,27%,27%,26%,9%,28%,46%,20%,9%,18%,39%,21%,9%,30%,45%,16%,38%,45%,29%,34%,37%,41%,44%,15%,30%,69%,6%,94%,19%,28%,18%,35%,22%,28%,49%,22%,73%,23%,41%,32%,16%,82%,17%,82%,12%,86%,37%,53%,10%,26%,26%,22%,38%,22%,17%,
 ,,,,,,,,,,,,,,,,,,,,,,,,,,,,,,,,,,,,,,,,,,,,,,,,,,,,,,,,,,,,,,,,,,,,,,,,,,,,
2039 Registered Voters,All,Gender,Age,<50 / 50+,Race,Class,White X Class,Paycheck,Party Affiliation,Ideology,2016 Vote,Education,Income,Marital Status,Child < 18,Single Parent,Religion,Attend Religious Service,Evangelical,Abortion,Union HH,Military HH,LGBTQ HH,Urbanicity,Suburban,Region,,,,,,,,,,,,,,,,,,,,,,,,,,,,,,,,,,,,,,,,,,,,,,,,,,
Credibility Interval: ± ,Male,Female,18-34,35-49,50-64,65+,18-49,50+,White,Black,Hispanic,Asian,Other,Poor,Working,MC,Upper-MC,Working,Middle,Falling,Getting ,Ends Mee,Rainy Da,Prosperi,Republic,Democrat,Independ,Very Con,Conserva,Moderate,Liberal,Very Lib,Trump,Clinton,High Sch,Some Col,4-year C,< $40K,$40K - $,> $80K,Single,Married,No Longe,Yes,No,Yes,No,Protesta,Catholic,Other,No Relig,Regularl,Occasion,Almost N,Yes,No,Strongly,Strongly,In The M,Yes,No,Yes,No,Yes,No,Urban,Suburban,Rural,Male,Female,Central ,Greater ,Inland E,Bay Area,,
Mike Pence ,700,424,277,192,186,200,122,378,322,365,15,221,74,26,46,213,321,113,95,174,60,172,168,201,94,434,94,144,141,248,242,45,10,474,69,120,266,314,174,255,271,247,369,84,227,468,40,661,181,178,123,218,219,206,269,242,428,296,136,241,110,573,132,560,50,640,264,352,84,217,136,173,242,170,115,
Kamala Harris,1096,507,588,334,298,264,200,632,463,395,90,408,156,47,93,342,492,159,96,190,116,288,321,279,77,77,776,192,24,87,434,355,161,66,784,167,398,531,338,351,407,484,438,173,310,779,70,1025,178,323,200,395,186,296,592,167,883,139,618,309,178,895,179,911,166,912,415,600,80,267,333,220,436,241,199,
Undecided,243,109,134,76,77,68,22,152,90,101,10,89,30,12,22,108,88,23,38,37,30,86,52,55,16,66,61,81,15,31,129,32,13,66,62,47,114,82,87,86,69,101,98,44,74,166,17,226,31,74,45,94,33,68,130,41,180,37,88,102,31,202,38,201,27,209,86,123,34,53,71,64,96,41,41,
Total,2039,1040,999,602,560,532,344,1163,876,861,114,718,260,85,161,664,901,295,229,401,206,545,541,535,187,577,932,418,180,366,804,432,184,607,915,334,778,926,599,692,747,832,905,302,612,1413,127,1912,389,575,368,706,439,570,992,450,1491,473,843,652,319,1671,349,1672,243,1761,764,1076,198,536,540,457,774,452,355,
Composition of Registered Voters,100%,51%,49%,30%,27%,26%,17%,57%,43%,42%,6%,35%,13%,4%,8%,33%,44%,14%,11%,20%,10%,27%,27%,26%,9%,28%,46%,20%,9%,18%,39%,21%,9%,30%,45%,16%,38%,45%,29%,34%,37%,41%,44%,15%,30%,69%,6%,94%,19%,28%,18%,35%,22%,28%,49%,22%,73%,23%,41%,32%,16%,82%,17%,82%,12%,86%,37%,53%,10%,26%,26%,22%,38%,22%,17%,
 ,,,,,,,,,,,,,,,,,,,,,,,,,,,,,,,,,,,,,,,,,,,,,,,,,,,,,,,,,,,,,,,,,,,,,,,,,,,,
2039 Registered Voters,All,Gender,Age,<50 / 50+,Race,Class,White X Class,Paycheck,Party Affiliation,Ideology,2016 Vote,Education,Income,Marital Status,Child < 18,Single Parent,Religion,Attend Religious Service,Evangelical,Abortion,Union HH,Military HH,LGBTQ HH,Urbanicity,Suburban,Region,,,,,,,,,,,,,,,,,,,,,,,,,,,,,,,,,,,,,,,,,,,,,,,,,,
Credibility Interval: ± ,Male,Female,18-34,35-49,50-64,65+,18-49,50+,White,Black,Hispanic,Asian,Other,Poor,Working,MC,Upper-MC,Working,Middle,Falling,Getting ,Ends Mee,Rainy Da,Prosperi,Republic,Democrat,Independ,Very Con,Conserva,Moderate,Liberal,Very Lib,Trump,Clinton,High Sch,Some Col,4-year C,< $40K,$40K - $,> $80K,Single,Married,No Longe,Yes,No,Yes,No,Protesta,Catholic,Other,No Relig,Regularl,Occasion,Almost N,Yes,No,Strongly,Strongly,In The M,Yes,No,Yes,No,Yes,No,Urban,Suburban,Rural,Male,Female,Central ,Greater ,Inland E,Bay Area,,
Donald Trump ,696,416,280,187,194,197,117,381,315,364,19,214,70,30,42,222,322,105,102,174,54,187,169,187,93,468,65,134,146,253,226,45,9,527,47,126,278,293,178,259,259,233,362,100,229,462,35,661,176,182,130,208,211,208,265,244,422,301,144,225,103,579,129,558,44,638,253,365,78,218,147,171,251,179,95,
Pete Buttigieg,1066,506,560,314,282,274,196,596,470,398,79,402,147,40,92,339,468,157,99,186,122,266,310,278,78,69,738,210,22,85,431,334,161,51,750,147,389,530,323,342,400,469,427,171,296,764,68,998,170,310,193,393,192,268,586,157,869,121,592,328,169,875,181,881,165,885,409,574,84,262,312,220,430,215,202,
Undecided,276,118,159,101,84,60,31,185,91,99,17,102,43,15,28,102,111,32,29,40,31,92,62,70,16,40,129,74,12,28,148,52,14,29,118,61,111,103,97,91,88,130,116,30,87,186,24,252,43,83,46,104,36,94,141,50,200,51,107,99,47,217,40,233,34,238,102,137,36,57,81,66,93,58,59,
Total,2039,1040,999,602,560,532,344,1163,876,861,114,718,260,85,161,664,901,295,229,401,206,545,541,535,187,577,932,418,180,366,804,432,184,607,915,334,778,926,599,692,747,832,905,302,612,1413,127,1912,389,575,368,706,439,570,992,450,1491,473,843,652,319,1671,349,1672,243,1761,764,1076,198,536,540,457,774,452,355,
Composition of Registered Voters,100%,51%,49%,30%,27%,26%,17%,57%,43%,42%,6%,35%,13%,4%,8%,33%,44%,14%,11%,20%,10%,27%,27%,26%,9%,28%,46%,20%,9%,18%,39%,21%,9%,30%,45%,16%,38%,45%,29%,34%,37%,41%,44%,15%,30%,69%,6%,94%,19%,28%,18%,35%,22%,28%,49%,22%,73%,23%,41%,32%,16%,82%,17%,82%,12%,86%,37%,53%,10%,26%,26%,22%,38%,22%,17%,
 ,,,,,,,,,,,,,,,,,,,,,,,,,,,,,,,,,,,,,,,,,,,,,,,,,,,,,,,,,,,,,,,,,,,,,,,,,,,,
2039 Registered Voters,All,Gender,Age,<50 / 50+,Race,Class,White X Class,Paycheck,Party Affiliation,Ideology,2016 Vote,Education,Income,Marital Status,Child < 18,Single Parent,Religion,Attend Religious Service,Evangelical,Abortion,Union HH,Military HH,LGBTQ HH,Urbanicity,Suburban,Region,,,,,,,,,,,,,,,,,,,,,,,,,,,,,,,,,,,,,,,,,,,,,,,,,,
Credibility Interval: ± ,Male,Female,18-34,35-49,50-64,65+,18-49,50+,White,Black,Hispanic,Asian,Other,Poor,Working,MC,Upper-MC,Working,Middle,Falling,Getting ,Ends Mee,Rainy Da,Prosperi,Republic,Democrat,Independ,Very Con,Conserva,Moderate,Liberal,Very Lib,Trump,Clinton,High Sch,Some Col,4-year C,< $40K,$40K - $,> $80K,Single,Married,No Longe,Yes,No,Yes,No,Protesta,Catholic,Other,No Relig,Regularl,Occasion,Almost N,Yes,No,Strongly,Strongly,In The M,Yes,No,Yes,No,Yes,No,Urban,Suburban,Rural,Male,Female,Central ,Greater ,Inland E,Bay Area,,
Mike Pence ,700,417,283,212,187,191,111,399,301,358,22,216,77,27,44,216,323,110,95,168,58,183,172,193,88,429,104,135,142,234,251,45,10,456,80,126,269,305,189,245,266,256,364,80,231,464,42,658,186,179,128,208,221,204,262,237,433,302,143,226,100,581,130,561,52,636,263,362,76,220,142,175,256,174,96,
Pete Buttigieg,987,487,500,275,263,256,193,538,449,377,72,361,136,42,86,306,438,149,91,185,105,249,279,264,77,69,681,198,20,87,375,323,159,69,696,130,363,495,286,322,378,427,399,161,262,719,57,930,159,288,165,374,174,242,554,147,807,112,562,292,163,808,164,818,153,818,373,536,77,254,282,200,391,212,184,
Undecided,352,136,215,116,110,85,40,226,126,126,20,141,47,17,31,142,139,35,43,48,43,113,90,78,22,79,146,85,18,45,178,64,16,81,139,79,147,126,124,125,103,149,142,61,118,230,28,324,45,108,76,123,43,124,177,67,251,59,137,134,57,282,55,293,39,307,128,178,45,62,117,82,127,67,76,
Total,2039,1040,999,602,560,532,344,1163,876,861,114,718,260,85,161,664,901,295,229,401,206,545,541,535,187,577,932,418,180,366,804,432,184,607,915,334,778,926,599,692,747,832,905,302,612,1413,127,1912,389,575,368,706,439,570,992,450,1491,473,843,652,319,1671,349,1672,243,1761,764,1076,198,536,540,457,774,452,355,
Composition of Registered Voters,100%,51%,49%,30%,27%,26%,17%,57%,43%,42%,6%,35%,13%,4%,8%,33%,44%,14%,11%,20%,10%,27%,27%,26%,9%,28%,46%,20%,9%,18%,39%,21%,9%,30%,45%,16%,38%,45%,29%,34%,37%,41%,44%,15%,30%,69%,6%,94%,19%,28%,18%,35%,22%,28%,49%,22%,73%,23%,41%,32%,16%,82%,17%,82%,12%,86%,37%,53%,10%,26%,26%,22%,38%,22%,17%,
 ,,,,,,,,,,,,,,,,,,,,,,,,,,,,,,,,,,,,,,,,,,,,,,,,,,,,,,,,,,,,,,,,,,,,,,,,,,,,
2039 Registered Voters,All,Gender,Age,<50 / 50+,Race,Class,White X Class,Paycheck,Party Affiliation,Ideology,2016 Vote,Education,Income,Marital Status,Child < 18,Single Parent,Religion,Attend Religious Service,Evangelical,Abortion,Union HH,Military HH,LGBTQ HH,Urbanicity,Suburban,Region,,,,,,,,,,,,,,,,,,,,,,,,,,,,,,,,,,,,,,,,,,,,,,,,,,
Credibility Interval: ± ,Male,Female,18-34,35-49,50-64,65+,18-49,50+,White,Black,Hispanic,Asian,Other,Poor,Working,MC,Upper-MC,Working,Middle,Falling,Getting ,Ends Mee,Rainy Da,Prosperi,Republic,Democrat,Independ,Very Con,Conserva,Moderate,Liberal,Very Lib,Trump,Clinton,High Sch,Some Col,4-year C,< $40K,$40K - $,> $80K,Single,Married,No Longe,Yes,No,Yes,No,Protesta,Catholic,Other,No Relig,Regularl,Occasion,Almost N,Yes,No,Strongly,Strongly,In The M,Yes,No,Yes,No,Yes,No,Urban,Suburban,Rural,Male,Female,Central ,Greater ,Inland E,Bay Area,,
Donald Trump ,713,431,283,180,201,207,125,381,332,374,15,219,77,29,41,225,332,109,101,182,58,183,174,200,94,480,63,142,148,258,239,41,10,542,52,126,278,310,173,262,279,230,379,104,228,481,30,683,174,189,126,224,213,212,277,241,443,308,146,233,103,596,133,570,42,655,246,389,78,238,152,182,251,178,102,
Elizabeth Warren,1145,518,628,366,292,286,202,657,488,409,89,437,161,48,103,369,500,160,104,186,131,309,327,284,80,70,806,214,24,90,463,364,167,48,814,173,425,547,371,366,409,525,446,174,322,817,78,1067,187,340,212,407,198,308,619,179,916,136,628,356,195,926,185,955,180,950,456,594,96,251,342,232,463,237,214,
Undecided,180,91,89,57,68,38,17,124,56,78,10,61,23,8,16,69,68,26,24,33,17,54,40,51,13,27,62,61,8,19,102,27,8,16,49,36,75,69,55,65,60,76,80,24,62,115,19,161,28,46,31,75,28,50,96,31,132,29,69,63,22,149,31,147,22,155,62,94,24,47,46,43,60,37,39,
Total,2039,1040,999,602,560,532,344,1163,876,861,114,718,260,85,161,664,901,295,229,401,206,545,541,535,187,577,932,418,180,366,804,432,184,607,915,334,778,926,599,692,747,832,905,302,612,1413,127,1912,389,575,368,706,439,570,992,450,1491,473,843,652,319,1671,349,1672,243,1761,764,1076,198,536,540,457,774,452,355,
Composition of Registered Voters,100%,51%,49%,30%,27%,26%,17%,57%,43%,42%,6%,35%,13%,4%,8%,33%,44%,14%,11%,20%,10%,27%,27%,26%,9%,28%,46%,20%,9%,18%,39%,21%,9%,30%,45%,16%,38%,45%,29%,34%,37%,41%,44%,15%,30%,69%,6%,94%,19%,28%,18%,35%,22%,28%,49%,22%,73%,23%,41%,32%,16%,82%,17%,82%,12%,86%,37%,53%,10%,26%,26%,22%,38%,22%,17%,
 ,,,,,,,,,,,,,,,,,,,,,,,,,,,,,,,,,,,,,,,,,,,,,,,,,,,,,,,,,,,,,,,,,,,,,,,,,,,,
2039 Registered Voters,All,Gender,Age,<50 / 50+,Race,Class,White X Class,Paycheck,Party Affiliation,Ideology,2016 Vote,Education,Income,Marital Status,Child < 18,Single Parent,Religion,Attend Religious Service,Evangelical,Abortion,Union HH,Military HH,LGBTQ HH,Urbanicity,Suburban,Region,,,,,,,,,,,,,,,,,,,,,,,,,,,,,,,,,,,,,,,,,,,,,,,,,,
Credibility Interval: ± ,Male,Female,18-34,35-49,50-64,65+,18-49,50+,White,Black,Hispanic,Asian,Other,Poor,Working,MC,Upper-MC,Working,Middle,Falling,Getting ,Ends Mee,Rainy Da,Prosperi,Republic,Democrat,Independ,Very Con,Conserva,Moderate,Liberal,Very Lib,Trump,Clinton,High Sch,Some Col,4-year C,< $40K,$40K - $,> $80K,Single,Married,No Longe,Yes,No,Yes,No,Protesta,Catholic,Other,No Relig,Regularl,Occasion,Almost N,Yes,No,Strongly,Strongly,In The M,Yes,No,Yes,No,Yes,No,Urban,Suburban,Rural,Male,Female,Central ,Greater ,Inland E,Bay Area,,
Mike Pence ,703,434,269,183,201,200,118,384,318,358,16,225,73,30,42,210,331,115,92,177,52,172,172,210,91,438,100,140,144,249,251,41,5,473,72,120,273,310,173,249,281,237,378,88,232,466,35,668,183,181,122,217,222,208,262,239,436,300,146,229,105,583,134,558,45,644,244,381,78,237,144,172,251,177,104,
Elizabeth Warren,1077,490,586,335,273,268,201,608,469,394,85,400,153,44,96,345,471,153,99,180,126,284,306,268,79,70,756,203,25,80,417,350,169,66,772,165,386,525,341,343,393,488,424,165,298,773,73,1004,176,321,193,387,180,285,591,165,865,133,595,326,181,872,174,899,167,894,423,563,90,241,322,223,427,229,198,
Undecided,259,115,144,84,86,64,25,170,89,108,13,92,35,11,23,109,99,27,38,43,28,89,63,57,16,69,76,76,11,37,136,41,11,67,70,49,119,91,86,100,73,107,104,49,82,174,19,240,31,73,53,102,37,76,138,46,190,40,102,97,33,216,41,215,32,223,97,132,30,58,74,62,96,47,53,
Total,2039,1040,999,602,560,532,344,1163,876,861,114,718,260,85,161,664,901,295,229,401,206,545,541,535,187,577,932,418,180,366,804,432,184,607,915,334,778,926,599,692,747,832,905,302,612,1413,127,1912,389,575,368,706,439,570,992,450,1491,473,843,652,319,1671,349,1672,243,1761,764,1076,198,536,540,457,774,452,355,
Composition of Registered Voters,100%,51%,49%,30%,27%,26%,17%,57%,43%,42%,6%,35%,13%,4%,8%,33%,44%,14%,11%,20%,10%,27%,27%,26%,9%,28%,46%,20%,9%,18%,39%,21%,9%,30%,45%,16%,38%,45%,29%,34%,37%,41%,44%,15%,30%,69%,6%,94%,19%,28%,18%,35%,22%,28%,49%,22%,73%,23%,41%,32%,16%,82%,17%,82%,12%,86%,37%,53%,10%,26%,26%,22%,38%,22%,17%,
 ,,,,,,,,,,,,,,,,,,,,,,,,,,,,,,,,,,,,,,,,,,,,,,,,,,,,,,,,,,,,,,,,,,,,,,,,,,,,
2039 Registered Voters,All,Gender,Age,<50 / 50+,Race,Class,White X Class,Paycheck,Party Affiliation,Ideology,2016 Vote,Education,Income,Marital Status,Child < 18,Single Parent,Religion,Attend Religious Service,Evangelical,Abortion,Union HH,Military HH,LGBTQ HH,Urbanicity,Suburban,Region,,,,,,,,,,,,,,,,,,,,,,,,,,,,,,,,,,,,,,,,,,,,,,,,,,
Credibility Interval: ± ,Male,Female,18-34,35-49,50-64,65+,18-49,50+,White,Black,Hispanic,Asian,Other,Poor,Working,MC,Upper-MC,Working,Middle,Falling,Getting ,Ends Mee,Rainy Da,Prosperi,Republic,Democrat,Independ,Very Con,Conserva,Moderate,Liberal,Very Lib,Trump,Clinton,High Sch,Some Col,4-year C,< $40K,$40K - $,> $80K,Single,Married,No Longe,Yes,No,Yes,No,Protesta,Catholic,Other,No Relig,Regularl,Occasion,Almost N,Yes,No,Strongly,Strongly,In The M,Yes,No,Yes,No,Yes,No,Urban,Suburban,Rural,Male,Female,Central ,Greater ,Inland E,Bay Area,,
Donald Trump ,683,409,274,167,192,199,125,359,324,364,14,204,74,26,34,209,325,109,92,182,53,169,166,197,95,470,53,134,147,251,224,39,8,529,46,123,255,305,160,255,268,212,369,102,214,465,27,657,169,176,128,210,211,199,263,234,420,304,139,217,100,571,122,552,38,632,233,369,81,221,148,174,243,171,96,
Bernie Sanders,1216,568,648,407,323,288,198,730,486,427,93,477,166,53,115,411,514,164,119,187,142,336,344,296,84,81,833,238,27,98,498,381,170,61,817,189,473,555,400,390,426,568,469,180,363,848,92,1124,194,363,219,440,196,336,661,193,965,145,646,388,197,990,205,1005,190,1007,490,624,102,277,348,252,480,253,230,
Undecided,139,62,77,28,46,45,21,74,66,70,8,36,20,5,12,44,62,21,18,32,12,40,31,43,9,26,46,46,7,18,82,12,6,16,52,22,51,66,39,48,53,52,68,19,35,101,8,131,26,36,21,56,32,34,68,24,106,23,57,48,22,110,22,115,16,122,41,83,16,39,44,31,51,29,29,
Total,2039,1040,999,602,560,532,344,1163,876,861,114,718,260,85,161,664,901,295,229,401,206,545,541,535,187,577,932,418,180,366,804,432,184,607,915,334,778,926,599,692,747,832,905,302,612,1413,127,1912,389,575,368,706,439,570,992,450,1491,473,843,652,319,1671,349,1672,243,1761,764,1076,198,536,540,457,774,452,355,
Composition of Registered Voters,100%,51%,49%,30%,27%,26%,17%,57%,43%,42%,6%,35%,13%,4%,8%,33%,44%,14%,11%,20%,10%,27%,27%,26%,9%,28%,46%,20%,9%,18%,39%,21%,9%,30%,45%,16%,38%,45%,29%,34%,37%,41%,44%,15%,30%,69%,6%,94%,19%,28%,18%,35%,22%,28%,49%,22%,73%,23%,41%,32%,16%,82%,17%,82%,12%,86%,37%,53%,10%,26%,26%,22%,38%,22%,17%,
 ,,,,,,,,,,,,,,,,,,,,,,,,,,,,,,,,,,,,,,,,,,,,,,,,,,,,,,,,,,,,,,,,,,,,,,,,,,,,
2039 Registered Voters,All,Gender,Age,<50 / 50+,Race,Class,White X Class,Paycheck,Party Affiliation,Ideology,2016 Vote,Education,Income,Marital Status,Child < 18,Single Parent,Religion,Attend Religious Service,Evangelical,Abortion,Union HH,Military HH,LGBTQ HH,Urbanicity,Suburban,Region,,,,,,,,,,,,,,,,,,,,,,,,,,,,,,,,,,,,,,,,,,,,,,,,,,
Credibility Interval: ± ,Male,Female,18-34,35-49,50-64,65+,18-49,50+,White,Black,Hispanic,Asian,Other,Poor,Working,MC,Upper-MC,Working,Middle,Falling,Getting ,Ends Mee,Rainy Da,Prosperi,Republic,Democrat,Independ,Very Con,Conserva,Moderate,Liberal,Very Lib,Trump,Clinton,High Sch,Some Col,4-year C,< $40K,$40K - $,> $80K,Single,Married,No Longe,Yes,No,Yes,No,Protesta,Catholic,Other,No Relig,Regularl,Occasion,Almost N,Yes,No,Strongly,Strongly,In The M,Yes,No,Yes,No,Yes,No,Urban,Suburban,Rural,Male,Female,Central ,Greater ,Inland E,Bay Area,,
Mike Pence ,641,386,255,165,177,181,118,342,299,355,11,184,65,26,34,189,299,113,86,176,45,148,163,187,93,429,58,130,134,230,220,38,8,467,55,109,237,295,149,232,260,208,354,79,201,435,28,612,169,157,119,196,213,178,238,225,389,290,119,206,93,533,119,512,39,591,217,347,76,211,137,160,224,163,93,
Bernie Sanders,1207,573,634,389,327,290,202,716,492,420,92,479,166,50,111,407,514,163,117,186,146,337,330,296,84,93,816,235,32,106,490,375,168,94,797,188,463,556,394,385,429,553,467,187,361,840,90,1117,192,359,211,446,186,334,668,186,969,154,648,375,200,982,198,1005,185,1003,482,624,102,280,343,250,484,254,220,
Undecided,190,80,110,49,57,60,25,105,85,87,11,54,29,9,15,68,88,18,27,39,15,59,48,53,10,55,58,53,14,30,95,19,8,46,64,37,77,76,56,76,59,70,84,36,49,138,9,182,28,59,38,64,40,58,86,39,133,29,75,71,26,156,32,155,19,166,65,105,21,45,60,46,67,35,42,
Total,2039,1040,999,602,560,532,344,1163,876,861,114,718,260,85,161,664,901,295,229,401,206,545,541,535,187,577,932,418,180,366,804,432,184,607,915,334,778,926,599,692,747,832,905,302,612,1413,127,1912,389,575,368,706,439,570,992,450,1491,473,843,652,319,1671,349,1672,243,1761,764,1076,198,536,540,457,774,452,355,
Composition of Registered Voters,100%,51%,49%,30%,27%,26%,17%,57%,43%,42%,6%,35%,13%,4%,8%,33%,44%,14%,11%,20%,10%,27%,27%,26%,9%,28%,46%,20%,9%,18%,39%,21%,9%,30%,45%,16%,38%,45%,29%,34%,37%,41%,44%,15%,30%,69%,6%,94%,19%,28%,18%,35%,22%,28%,49%,22%,73%,23%,41%,32%,16%,82%,17%,82%,12%,86%,37%,53%,10%,26%,26%,22%,38%,22%,17%,
 ,,,,,,,,,,,,,,,,,,,,,,,,,,,,,,,,,,,,,,,,,,,,,,,,,,,,,,,,,,,,,,,,,,,,,,,,,,,,
2039 Registered Voters,All,Gender,Age,<50 / 50+,Race,Class,White X Class,Paycheck,Party Affiliation,Ideology,2016 Vote,Education,Income,Marital Status,Child < 18,Single Parent,Religion,Attend Religious Service,Evangelical,Abortion,Union HH,Military HH,LGBTQ HH,Urbanicity,Suburban,Region,,,,,,,,,,,,,,,,,,,,,,,,,,,,,,,,,,,,,,,,,,,,,,,,,,
Credibility Interval: ± ,Male,Female,18-34,35-49,50-64,65+,18-49,50+,White,Black,Hispanic,Asian,Other,Poor,Working,MC,Upper-MC,Working,Middle,Falling,Getting ,Ends Mee,Rainy Da,Prosperi,Republic,Democrat,Independ,Very Con,Conserva,Moderate,Liberal,Very Lib,Trump,Clinton,High Sch,Some Col,4-year C,< $40K,$40K - $,> $80K,Single,Married,No Longe,Yes,No,Yes,No,Protesta,Catholic,Other,No Relig,Regularl,Occasion,Almost N,Yes,No,Strongly,Strongly,In The M,Yes,No,Yes,No,Yes,No,Urban,Suburban,Rural,Male,Female,Central ,Greater ,Inland E,Bay Area,,
Donald Trump ,687,412,275,189,190,191,116,379,308,366,17,208,68,28,40,219,319,103,101,176,55,178,170,187,90,464,64,133,144,252,219,46,8,528,46,126,270,290,167,262,257,228,359,99,221,461,30,657,169,181,127,209,206,205,266,236,422,296,137,227,106,568,131,545,46,625,245,364,78,221,143,174,243,175,95,
Michael Bloomberg,1019,483,536,290,262,267,200,552,467,375,78,377,146,43,88,323,442,155,92,174,116,256,286,272,77,77,710,187,23,83,413,319,146,48,720,145,368,506,312,320,387,448,419,153,291,722,74,945,178,296,188,357,191,267,542,163,814,126,558,311,164,836,169,846,155,850,395,542,83,244,297,207,406,209,197,
Undecided,333,146,188,124,108,73,28,232,101,120,20,133,46,14,33,121,140,37,35,51,35,111,85,77,19,36,158,98,14,31,172,67,30,31,149,63,140,130,120,110,103,156,127,50,99,230,24,309,42,98,54,140,42,98,184,51,255,51,148,115,50,267,49,280,42,285,125,170,38,71,99,77,125,68,64,
Total,2039,1040,999,602,560,532,344,1163,876,861,114,718,260,85,161,664,901,295,229,401,206,545,541,535,187,577,932,418,180,366,804,432,184,607,915,334,778,926,599,692,747,832,905,302,612,1413,127,1912,389,575,368,706,439,570,992,450,1491,473,843,652,319,1671,349,1672,243,1761,764,1076,198,536,540,457,774,452,355,
Composition of Registered Voters,100%,51%,49%,30%,27%,26%,17%,57%,43%,42%,6%,35%,13%,4%,8%,33%,44%,14%,11%,20%,10%,27%,27%,26%,9%,28%,46%,20%,9%,18%,39%,21%,9%,30%,45%,16%,38%,45%,29%,34%,37%,41%,44%,15%,30%,69%,6%,94%,19%,28%,18%,35%,22%,28%,49%,22%,73%,23%,41%,32%,16%,82%,17%,82%,12%,86%,37%,53%,10%,26%,26%,22%,38%,22%,17%,
 ,,,,,,,,,,,,,,,,,,,,,,,,,,,,,,,,,,,,,,,,,,,,,,,,,,,,,,,,,,,,,,,,,,,,,,,,,,,,
2039 Registered Voters,All,Gender,Age,<50 / 50+,Race,Class,White X Class,Paycheck,Party Affiliation,Ideology,2016 Vote,Education,Income,Marital Status,Child < 18,Single Parent,Religion,Attend Religious Service,Evangelical,Abortion,Union HH,Military HH,LGBTQ HH,Urbanicity,Suburban,Region,,,,,,,,,,,,,,,,,,,,,,,,,,,,,,,,,,,,,,,,,,,,,,,,,,
Credibility Interval: ± ,Male,Female,18-34,35-49,50-64,65+,18-49,50+,White,Black,Hispanic,Asian,Other,Poor,Working,MC,Upper-MC,Working,Middle,Falling,Getting ,Ends Mee,Rainy Da,Prosperi,Republic,Democrat,Independ,Very Con,Conserva,Moderate,Liberal,Very Lib,Trump,Clinton,High Sch,Some Col,4-year C,< $40K,$40K - $,> $80K,Single,Married,No Longe,Yes,No,Yes,No,Protesta,Catholic,Other,No Relig,Regularl,Occasion,Almost N,Yes,No,Strongly,Strongly,In The M,Yes,No,Yes,No,Yes,No,Urban,Suburban,Rural,Male,Female,Central ,Greater ,Inland E,Bay Area,,
Mike Pence ,652,385,267,188,178,181,104,367,285,341,16,202,66,26,41,201,305,99,89,170,52,162,161,185,85,412,88,130,136,229,224,41,6,448,69,116,259,277,163,242,247,230,346,75,210,436,33,619,167,173,108,202,207,182,252,223,404,285,123,213,101,535,124,516,45,594,241,337,74,204,133,164,235,162,91,
Michael Bloomberg,969,488,482,268,257,247,197,526,444,369,74,344,140,42,83,298,424,151,90,172,107,247,270,253,80,91,657,180,26,86,376,312,146,78,675,134,335,500,288,303,378,419,401,149,278,686,67,902,172,280,170,347,177,253,522,160,774,128,539,282,158,795,170,798,149,807,371,520,78,250,270,199,385,206,179,
Undecided,418,167,250,145,125,104,44,270,148,151,24,172,54,17,36,164,171,44,50,59,47,136,110,98,21,74,187,108,18,52,205,79,33,80,171,84,184,149,148,147,122,182,158,78,123,291,27,391,50,121,91,156,54,134,218,68,314,60,180,157,61,341,55,357,49,359,152,219,46,83,137,94,153,84,86,
Total,2039,1040,999,602,560,532,344,1163,876,861,114,718,260,85,161,664,901,295,229,401,206,545,541,535,187,577,932,418,180,366,804,432,184,607,915,334,778,926,599,692,747,832,905,302,612,1413,127,1912,389,575,368,706,439,570,992,450,1491,473,843,652,319,1671,349,1672,243,1761,764,1076,198,536,540,457,774,452,355,
Composition of Registered Voters,100%,51%,49%,30%,27%,26%,17%,57%,43%,42%,6%,35%,13%,4%,8%,33%,44%,14%,11%,20%,10%,27%,27%,26%,9%,28%,46%,20%,9%,18%,39%,21%,9%,30%,45%,16%,38%,45%,29%,34%,37%,41%,44%,15%,30%,69%,6%,94%,19%,28%,18%,35%,22%,28%,49%,22%,73%,23%,41%,32%,16%,82%,17%,82%,12%,86%,37%,53%,10%,26%,26%,22%,38%,22%,17%,
 ,,,,,,,,,,,,,,,,,,,,,,,,,,,,,,,,,,,,,,,,,,,,,,,,,,,,,,,,,,,,,,,,,,,,,,,,,,,,
2700 Adults,All,Gender,Age,<50 / 50+,Race,Class,White X Class,Paycheck,Party Affiliation,Ideology,2016 Vote,Education,Income,Marital Status,Child < 18,Single Parent,Religion,Attend Religious Service,Evangelical,Abortion,Union HH,Military HH,LGBTQ HH,Urbanicity,Suburban,Region,,,,,,,,,,,,,,,,,,,,,,,,,,,,,,,,,,,,,,,,,,,,,,,,,,
Credibility Interval: ± ,Male,Female,18-34,35-49,50-64,65+,18-49,50+,White,Black,Hispanic,Asian,Other,Poor,Working,MC,Upper-MC,Working,Middle,Falling,Getting ,Ends Mee,Rainy Da,Prosperi,Republic,Democrat,Independ,Very Con,Conserva,Moderate,Liberal,Very Lib,Trump,Clinton,High Sch,Some Col,4-year C,< $40K,$40K - $,> $80K,Single,Married,No Longe,Yes,No,Yes,No,Protesta,Catholic,Other,No Relig,Regularl,Occasion,Almost N,Yes,No,Strongly,Strongly,In The M,Yes,No,Yes,No,Yes,No,Urban,Suburban,Rural,Male,Female,Central ,Greater ,Inland E,Bay Area,,
Male,1329,1329,0,435,357,313,224,793,537,510,74,513,181,52,107,455,529,181,150,226,126,367,339,334,129,400,481,323,158,267,512,228,87,426,427,303,462,564,402,466,461,640,568,121,373,948,85,1244,237,373,212,507,257,353,645,275,978,314,440,480,189,1096,277,1032,143,1152,559,644,126,644,0,261,529,319,219,
Female,1371,0,1371,449,364,326,231,813,558,526,77,528,167,72,139,424,574,199,141,235,150,374,323,345,139,283,592,328,96,212,514,318,115,256,551,253,530,588,491,477,402,524,544,302,412,940,94,1276,196,388,288,498,281,414,627,270,1007,293,590,416,235,1084,239,1112,231,1109,473,724,174,0,724,347,462,347,215,
Total,2700,1329,1371,884,722,639,455,1606,1094,1036,151,1041,348,124,246,880,1103,380,290,461,276,740,662,679,268,683,1073,651,254,479,1026,545,202,682,978,556,992,1152,893,944,864,1165,1112,423,784,1888,180,2520,434,761,500,1005,538,767,1273,545,1985,607,1030,895,424,2180,516,2144,374,2260,1032,1368,300,644,724,608,991,667,434,
Composition of Adults,100%,49%,51%,33%,27%,24%,17%,59%,41%,38%,6%,39%,13%,5%,9%,33%,41%,14%,11%,17%,10%,27%,25%,25%,10%,25%,40%,24%,9%,18%,38%,20%,7%,25%,36%,21%,37%,43%,33%,35%,32%,43%,41%,16%,29%,70%,7%,93%,16%,28%,19%,37%,20%,28%,47%,20%,74%,22%,38%,33%,16%,81%,19%,79%,14%,84%,38%,51%,11%,24%,27%,23%,37%,25%,16%,
 ,,,,,,,,,,,,,,,,,,,,,,,,,,,,,,,,,,,,,,,,,,,,,,,,,,,,,,,,,,,,,,,,,,,,,,,,,,,,
2700 Adults,All,Gender,Age,<50 / 50+,Race,Class,White X Class,Paycheck,Party Affiliation,Ideology,2016 Vote,Education,Income,Marital Status,Child < 18,Single Parent,Religion,Attend Religious Service,Evangelical,Abortion,Union HH,Military HH,LGBTQ HH,Urbanicity,Suburban,Region,,,,,,,,,,,,,,,,,,,,,,,,,,,,,,,,,,,,,,,,,,,,,,,,,,
Credibility Interval: ± ,Male,Female,18-34,35-49,50-64,65+,18-49,50+,White,Black,Hispanic,Asian,Other,Poor,Working,MC,Upper-MC,Working,Middle,Falling,Getting ,Ends Mee,Rainy Da,Prosperi,Republic,Democrat,Independ,Very Con,Conserva,Moderate,Liberal,Very Lib,Trump,Clinton,High Sch,Some Col,4-year C,< $40K,$40K - $,> $80K,Single,Married,No Longe,Yes,No,Yes,No,Protesta,Catholic,Other,No Relig,Regularl,Occasion,Almost N,Yes,No,Strongly,Strongly,In The M,Yes,No,Yes,No,Yes,No,Urban,Suburban,Rural,Male,Female,Central ,Greater ,Inland E,Bay Area,,
18-34,884,435,449,884,0,0,0,884,0,339,49,341,108,47,70,307,359,124,104,140,93,258,234,179,79,166,356,224,68,129,328,175,83,165,245,223,344,316,344,320,219,635,224,25,255,615,94,790,90,234,184,375,144,245,442,153,648,177,347,279,120,697,138,723,171,680,379,404,100,196,208,194,353,214,123,
35-49,722,357,364,0,722,0,0,722,0,274,42,276,98,33,82,245,300,80,81,120,95,212,170,173,50,182,283,173,53,135,293,144,49,171,279,148,269,304,238,218,266,264,370,88,396,322,67,655,99,195,149,279,135,220,348,155,518,177,259,236,112,586,92,618,82,622,288,354,80,170,184,171,260,159,132,
50-64,639,313,326,0,0,639,0,0,639,248,34,249,76,31,61,235,254,78,72,108,59,197,154,172,52,183,269,136,60,135,263,105,46,193,267,133,239,266,192,198,249,192,310,137,112,517,14,626,130,210,95,203,148,176,307,147,467,161,239,212,107,528,100,533,63,566,220,338,80,163,175,152,234,151,102,
65+,455,224,231,0,0,0,455,0,455,175,25,176,66,13,32,93,189,98,34,92,29,74,104,155,88,152,166,117,74,80,142,121,25,153,187,51,139,265,119,207,130,74,207,174,21,433,5,450,114,121,73,148,111,125,177,90,352,92,185,169,85,370,186,269,57,392,144,272,40,115,156,91,145,143,77,
Total,2700,1329,1371,884,722,639,455,1606,1094,1036,151,1041,348,124,246,880,1103,380,290,461,276,740,662,679,268,683,1073,651,254,479,1026,545,202,682,978,556,992,1152,893,944,864,1165,1112,423,784,1888,180,2520,434,761,500,1005,538,767,1273,545,1985,607,1030,895,424,2180,516,2144,374,2260,1032,1368,300,644,724,608,991,667,434,
Composition of Adults,100%,49%,51%,33%,27%,24%,17%,59%,41%,38%,6%,39%,13%,5%,9%,33%,41%,14%,11%,17%,10%,27%,25%,25%,10%,25%,40%,24%,9%,18%,38%,20%,7%,25%,36%,21%,37%,43%,33%,35%,32%,43%,41%,16%,29%,70%,7%,93%,16%,28%,19%,37%,20%,28%,47%,20%,74%,22%,38%,33%,16%,81%,19%,79%,14%,84%,38%,51%,11%,24%,27%,23%,37%,25%,16%,
 ,,,,,,,,,,,,,,,,,,,,,,,,,,,,,,,,,,,,,,,,,,,,,,,,,,,,,,,,,,,,,,,,,,,,,,,,,,,,
2700 Adults,All,Gender,Age,<50 / 50+,Race,Class,White X Class,Paycheck,Party Affiliation,Ideology,2016 Vote,Education,Income,Marital Status,Child < 18,Single Parent,Religion,Attend Religious Service,Evangelical,Abortion,Union HH,Military HH,LGBTQ HH,Urbanicity,Suburban,Region,,,,,,,,,,,,,,,,,,,,,,,,,,,,,,,,,,,,,,,,,,,,,,,,,,
Credibility Interval: ± ,Male,Female,18-34,35-49,50-64,65+,18-49,50+,White,Black,Hispanic,Asian,Other,Poor,Working,MC,Upper-MC,Working,Middle,Falling,Getting ,Ends Mee,Rainy Da,Prosperi,Republic,Democrat,Independ,Very Con,Conserva,Moderate,Liberal,Very Lib,Trump,Clinton,High Sch,Some Col,4-year C,< $40K,$40K - $,> $80K,Single,Married,No Longe,Yes,No,Yes,No,Protesta,Catholic,Other,No Relig,Regularl,Occasion,Almost N,Yes,No,Strongly,Strongly,In The M,Yes,No,Yes,No,Yes,No,Urban,Suburban,Rural,Male,Female,Central ,Greater ,Inland E,Bay Area,,
18-49,1606,793,813,884,722,0,0,1606,0,613,91,617,205,79,152,552,660,204,184,261,188,470,405,352,129,348,638,397,120,264,621,319,132,336,524,372,614,620,582,539,485,898,595,113,651,937,161,1445,190,429,333,654,279,465,789,308,1166,354,606,515,232,1282,230,1342,253,1303,667,758,180,366,392,365,612,373,255,
50+,1094,537,558,0,0,639,455,0,1094,423,60,424,143,45,93,328,443,176,106,200,88,271,257,327,139,335,435,254,134,215,405,226,71,346,454,184,378,532,311,405,379,266,517,311,133,951,19,1076,244,332,167,351,259,302,483,237,819,253,424,381,192,898,286,802,120,958,364,610,120,278,332,243,379,294,179,
Total,2700,1329,1371,884,722,639,455,1606,1094,1036,151,1041,348,124,246,880,1103,380,290,461,276,740,662,679,268,683,1073,651,254,479,1026,545,202,682,978,556,992,1152,893,944,864,1165,1112,423,784,1888,180,2520,434,761,500,1005,538,767,1273,545,1985,607,1030,895,424,2180,516,2144,374,2260,1032,1368,300,644,724,608,991,667,434,
Composition of Adults,100%,49%,51%,33%,27%,24%,17%,59%,41%,38%,6%,39%,13%,5%,9%,33%,41%,14%,11%,17%,10%,27%,25%,25%,10%,25%,40%,24%,9%,18%,38%,20%,7%,25%,36%,21%,37%,43%,33%,35%,32%,43%,41%,16%,29%,70%,7%,93%,16%,28%,19%,37%,20%,28%,47%,20%,74%,22%,38%,33%,16%,81%,19%,79%,14%,84%,38%,51%,11%,24%,27%,23%,37%,25%,16%,
 ,,,,,,,,,,,,,,,,,,,,,,,,,,,,,,,,,,,,,,,,,,,,,,,,,,,,,,,,,,,,,,,,,,,,,,,,,,,,
2700 Adults,All,Gender,Age,<50 / 50+,Race,Class,White X Class,Paycheck,Party Affiliation,Ideology,2016 Vote,Education,Income,Marital Status,Child < 18,Single Parent,Religion,Attend Religious Service,Evangelical,Abortion,Union HH,Military HH,LGBTQ HH,Urbanicity,Suburban,Region,,,,,,,,,,,,,,,,,,,,,,,,,,,,,,,,,,,,,,,,,,,,,,,,,,
Credibility Interval: ± ,Male,Female,18-34,35-49,50-64,65+,18-49,50+,White,Black,Hispanic,Asian,Other,Poor,Working,MC,Upper-MC,Working,Middle,Falling,Getting ,Ends Mee,Rainy Da,Prosperi,Republic,Democrat,Independ,Very Con,Conserva,Moderate,Liberal,Very Lib,Trump,Clinton,High Sch,Some Col,4-year C,< $40K,$40K - $,> $80K,Single,Married,No Longe,Yes,No,Yes,No,Protesta,Catholic,Other,No Relig,Regularl,Occasion,Almost N,Yes,No,Strongly,Strongly,In The M,Yes,No,Yes,No,Yes,No,Urban,Suburban,Rural,Male,Female,Central ,Greater ,Inland E,Bay Area,,
White,1036,510,526,339,274,248,175,613,423,1036,0,0,0,0,101,290,461,166,290,461,107,284,278,240,114,342,354,242,117,202,353,201,87,358,342,191,387,458,321,339,376,416,467,154,292,738,53,984,203,198,205,430,186,238,578,205,773,233,443,309,146,857,189,835,136,880,338,564,135,265,299,263,347,247,180,
Black or African American,151,74,77,49,42,34,25,91,60,0,151,0,0,0,18,66,52,12,0,0,16,53,41,29,9,11,100,24,10,17,52,41,17,13,83,28,78,45,63,55,32,75,45,31,46,104,19,132,51,8,43,50,46,48,51,50,91,43,51,42,35,112,30,120,19,130,81,59,11,28,31,25,73,38,15,
"Hispanic, Latino, or Mexican",1041,513,528,341,276,249,176,617,424,0,0,1041,0,0,87,395,376,132,0,0,114,300,230,253,116,241,430,267,110,160,410,213,76,224,381,279,393,369,368,413,260,470,393,178,327,701,89,952,100,464,157,321,204,357,417,205,766,237,360,385,187,816,229,798,181,836,433,489,119,226,263,232,391,308,110,
Asian,348,181,167,108,98,76,66,205,143,0,0,0,348,0,18,92,170,57,0,0,22,68,85,135,21,78,151,74,10,79,160,69,18,59,138,33,83,231,95,96,157,147,169,32,90,256,8,340,60,69,69,149,80,87,170,62,270,70,135,116,40,298,40,301,20,320,145,190,13,97,93,44,149,44,111,
Multiracial,72,27,44,25,20,18,9,45,27,0,0,0,0,72,15,22,30,4,0,0,11,20,22,14,3,6,25,31,4,11,32,17,2,19,22,12,31,29,27,31,14,39,21,12,18,53,6,66,14,12,17,28,16,15,38,14,54,11,28,28,7,64,15,56,11,55,23,40,9,14,26,27,16,16,12,
Some other way,52,24,28,22,13,13,5,34,18,0,0,0,0,52,6,13,15,9,0,0,7,16,6,9,5,5,12,13,3,11,19,6,2,10,12,13,20,20,18,11,23,19,17,17,11,35,5,47,6,10,9,27,7,21,17,10,31,13,14,15,8,34,13,35,7,38,12,26,15,13,12,16,16,14,6,
Total,2700,1329,1371,884,722,639,455,1606,1094,1036,151,1041,348,124,246,880,1103,380,290,461,276,740,662,679,268,683,1073,651,254,479,1026,545,202,682,978,556,992,1152,893,944,864,1165,1112,423,784,1888,180,2520,434,761,500,1005,538,767,1273,545,1985,607,1030,895,424,2180,516,2144,374,2260,1032,1368,300,644,724,608,991,667,434,
Composition of Adults,100%,49%,51%,33%,27%,24%,17%,59%,41%,38%,6%,39%,13%,5%,9%,33%,41%,14%,11%,17%,10%,27%,25%,25%,10%,25%,40%,24%,9%,18%,38%,20%,7%,25%,36%,21%,37%,43%,33%,35%,32%,43%,41%,16%,29%,70%,7%,93%,16%,28%,19%,37%,20%,28%,47%,20%,74%,22%,38%,33%,16%,81%,19%,79%,14%,84%,38%,51%,11%,24%,27%,23%,37%,25%,16%,
 ,,,,,,,,,,,,,,,,,,,,,,,,,,,,,,,,,,,,,,,,,,,,,,,,,,,,,,,,,,,,,,,,,,,,,,,,,,,,
2700 Adults,All,Gender,Age,<50 / 50+,Race,Class,White X Class,Paycheck,Party Affiliation,Ideology,2016 Vote,Education,Income,Marital Status,Child < 18,Single Parent,Religion,Attend Religious Service,Evangelical,Abortion,Union HH,Military HH,LGBTQ HH,Urbanicity,Suburban,Region,,,,,,,,,,,,,,,,,,,,,,,,,,,,,,,,,,,,,,,,,,,,,,,,,,
Credibility Interval: ± ,Male,Female,18-34,35-49,50-64,65+,18-49,50+,White,Black,Hispanic,Asian,Other,Poor,Working,MC,Upper-MC,Working,Middle,Falling,Getting ,Ends Mee,Rainy Da,Prosperi,Republic,Democrat,Independ,Very Con,Conserva,Moderate,Liberal,Very Lib,Trump,Clinton,High Sch,Some Col,4-year C,< $40K,$40K - $,> $80K,Single,Married,No Longe,Yes,No,Yes,No,Protesta,Catholic,Other,No Relig,Regularl,Occasion,Almost N,Yes,No,Strongly,Strongly,In The M,Yes,No,Yes,No,Yes,No,Urban,Suburban,Rural,Male,Female,Central ,Greater ,Inland E,Bay Area,,
Poor,246,107,139,70,82,61,32,152,93,101,18,87,18,21,246,0,0,0,0,0,76,124,31,3,3,38,98,68,22,43,82,41,23,44,72,88,108,50,213,27,6,127,58,61,81,164,34,211,34,40,59,113,36,55,147,48,173,57,102,71,18,218,31,212,48,189,101,88,57,39,49,77,68,69,32,
Working Class,880,455,424,307,245,235,93,552,328,290,66,395,92,35,0,880,0,0,290,0,114,382,242,117,15,196,368,212,55,176,356,172,55,185,311,232,416,232,394,361,125,428,331,122,277,598,76,804,123,270,154,332,188,236,433,184,636,204,311,310,149,699,128,740,124,735,373,406,101,211,195,245,314,199,122,
Middle Class,1103,529,574,359,300,254,189,660,443,461,52,376,170,44,0,0,1103,0,0,461,66,202,343,373,92,304,458,253,104,201,447,222,75,300,446,184,379,540,234,411,458,427,517,159,327,763,60,1043,217,309,207,370,246,315,510,243,810,264,413,364,160,913,208,883,115,970,373,634,95,295,340,218,443,248,194,
Upper-Middle,352,162,191,106,75,74,98,180,172,154,9,123,55,12,0,0,0,352,0,0,14,20,39,137,137,96,135,98,30,50,124,103,40,99,133,17,71,265,20,88,245,100,184,68,85,265,6,346,55,124,69,104,63,139,146,62,280,67,183,94,88,257,98,252,80,269,115,213,25,90,123,49,128,100,75,
Rich,27,19,8,18,5,4,0,23,4,12,3,9,3,1,0,0,0,27,0,0,1,2,1,3,18,8,7,8,4,3,5,5,8,10,4,6,6,16,3,7,17,17,10,1,6,20,1,27,3,9,6,9,5,10,12,6,19,6,10,7,4,21,7,19,3,20,17,8,3,6,3,5,16,4,3,
Not Sure,92,58,34,24,14,11,43,38,54,18,3,51,10,10,0,0,0,0,0,0,4,11,6,47,2,40,7,13,39,7,13,3,1,44,13,29,13,50,29,50,12,66,12,13,7,78,2,89,3,8,5,76,2,12,24,3,66,10,11,49,5,71,43,39,4,77,54,18,20,3,15,14,22,47,9,
Total,2700,1329,1371,884,722,639,455,1606,1094,1036,151,1041,348,124,246,880,1103,380,290,461,276,740,662,679,268,683,1073,651,254,479,1026,545,202,682,978,556,992,1152,893,944,864,1165,1112,423,784,1888,180,2520,434,761,500,1005,538,767,1273,545,1985,607,1030,895,424,2180,516,2144,374,2260,1032,1368,300,644,724,608,991,667,434,
Composition of Adults,100%,49%,51%,33%,27%,24%,17%,59%,41%,38%,6%,39%,13%,5%,9%,33%,41%,14%,11%,17%,10%,27%,25%,25%,10%,25%,40%,24%,9%,18%,38%,20%,7%,25%,36%,21%,37%,43%,33%,35%,32%,43%,41%,16%,29%,70%,7%,93%,16%,28%,19%,37%,20%,28%,47%,20%,74%,22%,38%,33%,16%,81%,19%,79%,14%,84%,38%,51%,11%,24%,27%,23%,37%,25%,16%,
 ,,,,,,,,,,,,,,,,,,,,,,,,,,,,,,,,,,,,,,,,,,,,,,,,,,,,,,,,,,,,,,,,,,,,,,,,,,,,
2700 Adults,All,Gender,Age,<50 / 50+,Race,Class,White X Class,Paycheck,Party Affiliation,Ideology,2016 Vote,Education,Income,Marital Status,Child < 18,Single Parent,Religion,Attend Religious Service,Evangelical,Abortion,Union HH,Military HH,LGBTQ HH,Urbanicity,Suburban,Region,,,,,,,,,,,,,,,,,,,,,,,,,,,,,,,,,,,,,,,,,,,,,,,,,,
Credibility Interval: ± ,Male,Female,18-34,35-49,50-64,65+,18-49,50+,White,Black,Hispanic,Asian,Other,Poor,Working,MC,Upper-MC,Working,Middle,Falling,Getting ,Ends Mee,Rainy Da,Prosperi,Republic,Democrat,Independ,Very Con,Conserva,Moderate,Liberal,Very Lib,Trump,Clinton,High Sch,Some Col,4-year C,< $40K,$40K - $,> $80K,Single,Married,No Longe,Yes,No,Yes,No,Protesta,Catholic,Other,No Relig,Regularl,Occasion,Almost N,Yes,No,Strongly,Strongly,In The M,Yes,No,Yes,No,Yes,No,Urban,Suburban,Rural,Male,Female,Central ,Greater ,Inland E,Bay Area,,
Working,290,150,141,104,81,72,34,184,106,290,0,0,0,0,0,290,0,0,290,0,41,126,85,35,3,90,95,74,28,72,94,56,18,92,83,67,142,81,127,117,46,139,108,44,83,203,16,274,45,62,52,132,50,61,168,57,214,72,112,92,41,238,52,232,41,245,99,145,46,69,76,98,78,73,42,
Middle,461,226,235,140,120,108,92,261,200,461,0,0,0,0,0,0,461,0,0,461,26,79,154,148,47,164,156,106,60,89,172,92,31,175,167,71,152,238,80,186,194,163,236,62,133,326,22,439,106,81,89,184,90,109,251,96,345,108,197,136,71,376,88,369,49,406,132,281,48,136,145,102,171,112,77,
Total,2700,1329,1371,884,722,639,455,1606,1094,1036,151,1041,348,124,246,880,1103,380,290,461,276,740,662,679,268,683,1073,651,254,479,1026,545,202,682,978,556,992,1152,893,944,864,1165,1112,423,784,1888,180,2520,434,761,500,1005,538,767,1273,545,1985,607,1030,895,424,2180,516,2144,374,2260,1032,1368,300,644,724,608,991,667,434,
Composition of Adults,100%,49%,51%,33%,27%,24%,17%,59%,41%,38%,6%,39%,13%,5%,9%,33%,41%,14%,11%,17%,10%,27%,25%,25%,10%,25%,40%,24%,9%,18%,38%,20%,7%,25%,36%,21%,37%,43%,33%,35%,32%,43%,41%,16%,29%,70%,7%,93%,16%,28%,19%,37%,20%,28%,47%,20%,74%,22%,38%,33%,16%,81%,19%,79%,14%,84%,38%,51%,11%,24%,27%,23%,37%,25%,16%,
 ,,,,,,,,,,,,,,,,,,,,,,,,,,,,,,,,,,,,,,,,,,,,,,,,,,,,,,,,,,,,,,,,,,,,,,,,,,,,
2700 Adults,All,Gender,Age,<50 / 50+,Race,Class,White X Class,Paycheck,Party Affiliation,Ideology,2016 Vote,Education,Income,Marital Status,Child < 18,Single Parent,Religion,Attend Religious Service,Evangelical,Abortion,Union HH,Military HH,LGBTQ HH,Urbanicity,Suburban,Region,,,,,,,,,,,,,,,,,,,,,,,,,,,,,,,,,,,,,,,,,,,,,,,,,,
Credibility Interval: ± ,Male,Female,18-34,35-49,50-64,65+,18-49,50+,White,Black,Hispanic,Asian,Other,Poor,Working,MC,Upper-MC,Working,Middle,Falling,Getting ,Ends Mee,Rainy Da,Prosperi,Republic,Democrat,Independ,Very Con,Conserva,Moderate,Liberal,Very Lib,Trump,Clinton,High Sch,Some Col,4-year C,< $40K,$40K - $,> $80K,Single,Married,No Longe,Yes,No,Yes,No,Protesta,Catholic,Other,No Relig,Regularl,Occasion,Almost N,Yes,No,Strongly,Strongly,In The M,Yes,No,Yes,No,Yes,No,Urban,Suburban,Rural,Male,Female,Central ,Greater ,Inland E,Bay Area,,
Falling Further Into Debt,276,126,150,93,95,59,29,188,88,107,16,114,22,18,76,114,66,15,41,26,276,0,0,0,0,63,106,74,25,37,115,51,23,64,107,70,126,80,143,84,49,138,94,45,109,166,36,240,38,75,66,97,47,71,153,46,211,56,119,90,46,223,44,229,53,215,106,118,52,56,62,84,95,60,38,
Just Getting By ,740,367,374,258,212,197,74,470,271,284,53,300,68,36,124,382,202,21,126,79,0,740,0,0,0,167,303,176,51,140,282,142,55,161,247,199,343,199,388,240,112,375,222,144,220,517,71,670,113,198,130,299,144,186,386,161,518,172,284,231,107,605,98,633,112,613,293,362,86,178,185,199,264,176,103,
Making Ends Meet ,662,339,323,234,170,154,104,405,257,278,41,230,85,28,31,242,343,40,85,154,0,0,662,0,0,152,298,153,42,134,249,153,46,147,267,153,264,246,219,258,185,295,282,84,189,473,39,622,109,182,139,232,131,189,323,129,495,143,257,230,92,552,115,541,75,577,237,366,59,189,177,141,256,159,106,
Setting Aside Some For A Rainy Day,679,334,345,179,173,172,155,352,327,240,29,253,135,23,3,117,373,140,35,148,0,0,0,679,0,219,274,134,91,124,275,119,48,215,272,77,191,412,78,259,342,246,358,75,186,481,23,656,131,181,102,266,144,202,287,141,512,158,255,245,95,568,165,506,71,596,264,352,63,154,198,129,244,179,127,
Prospering,268,129,139,79,50,52,88,129,139,114,9,116,21,8,3,15,92,155,3,47,0,0,0,0,268,75,81,94,42,35,80,77,30,87,75,25,52,191,22,86,160,68,138,63,67,196,8,261,38,107,43,79,62,101,101,58,200,70,103,77,78,185,86,177,53,207,107,142,19,57,85,42,99,80,47,
Not Sure,74,34,40,41,21,6,6,62,12,14,3,29,17,10,9,9,27,7,0,6,0,0,0,0,0,7,12,20,3,9,25,4,1,7,9,33,16,24,43,17,14,42,19,13,13,55,3,71,4,19,20,32,10,18,23,10,47,8,12,23,6,47,8,57,9,52,26,27,21,10,17,13,34,13,13,
Total,2700,1329,1371,884,722,639,455,1606,1094,1036,151,1041,348,124,246,880,1103,380,290,461,276,740,662,679,268,683,1073,651,254,479,1026,545,202,682,978,556,992,1152,893,944,864,1165,1112,423,784,1888,180,2520,434,761,500,1005,538,767,1273,545,1985,607,1030,895,424,2180,516,2144,374,2260,1032,1368,300,644,724,608,991,667,434,
Composition of Adults,100%,49%,51%,33%,27%,24%,17%,59%,41%,38%,6%,39%,13%,5%,9%,33%,41%,14%,11%,17%,10%,27%,25%,25%,10%,25%,40%,24%,9%,18%,38%,20%,7%,25%,36%,21%,37%,43%,33%,35%,32%,43%,41%,16%,29%,70%,7%,93%,16%,28%,19%,37%,20%,28%,47%,20%,74%,22%,38%,33%,16%,81%,19%,79%,14%,84%,38%,51%,11%,24%,27%,23%,37%,25%,16%,
 ,,,,,,,,,,,,,,,,,,,,,,,,,,,,,,,,,,,,,,,,,,,,,,,,,,,,,,,,,,,,,,,,,,,,,,,,,,,,
2700 Adults,All,Gender,Age,<50 / 50+,Race,Class,White X Class,Paycheck,Party Affiliation,Ideology,2016 Vote,Education,Income,Marital Status,Child < 18,Single Parent,Religion,Attend Religious Service,Evangelical,Abortion,Union HH,Military HH,LGBTQ HH,Urbanicity,Suburban,Region,,,,,,,,,,,,,,,,,,,,,,,,,,,,,,,,,,,,,,,,,,,,,,,,,,
Credibility Interval: ± ,Male,Female,18-34,35-49,50-64,65+,18-49,50+,White,Black,Hispanic,Asian,Other,Poor,Working,MC,Upper-MC,Working,Middle,Falling,Getting ,Ends Mee,Rainy Da,Prosperi,Republic,Democrat,Independ,Very Con,Conserva,Moderate,Liberal,Very Lib,Trump,Clinton,High Sch,Some Col,4-year C,< $40K,$40K - $,> $80K,Single,Married,No Longe,Yes,No,Yes,No,Protesta,Catholic,Other,No Relig,Regularl,Occasion,Almost N,Yes,No,Strongly,Strongly,In The M,Yes,No,Yes,No,Yes,No,Urban,Suburban,Rural,Male,Female,Central ,Greater ,Inland E,Bay Area,,
Republican,683,400,283,166,182,183,152,348,335,342,11,241,78,11,38,196,304,104,90,164,63,167,152,219,75,683,0,0,193,252,191,27,5,501,56,128,252,303,171,270,242,235,349,99,219,459,33,650,172,168,125,218,212,192,229,241,416,280,130,244,85,587,157,521,50,623,250,356,77,200,157,161,238,205,80,
Democrat,1073,481,592,356,283,269,166,638,435,354,100,430,151,38,98,368,458,142,95,156,106,303,298,274,81,0,1073,0,21,105,381,373,154,41,748,191,396,487,360,346,367,498,415,161,313,750,78,996,163,347,199,364,184,316,558,169,866,142,564,329,179,872,174,893,163,891,462,526,85,225,301,217,427,231,198,
Other Party,90,50,40,34,23,21,11,58,32,30,5,35,15,6,13,38,25,10,11,13,13,32,19,18,6,0,0,0,3,11,46,13,11,13,23,20,36,34,41,32,17,44,33,13,24,63,7,83,12,22,19,37,18,33,37,14,69,13,37,35,10,72,15,71,17,72,33,46,10,25,21,19,35,19,17,
Independent,651,323,328,224,173,136,117,397,254,242,24,267,74,44,68,212,253,106,74,106,74,176,153,134,94,0,0,651,25,88,351,120,27,119,133,142,229,279,216,244,191,282,245,124,162,486,37,614,80,181,115,275,100,176,353,96,503,134,254,225,124,504,142,498,121,510,215,350,86,162,188,160,222,168,101,
Not Sure,203,76,128,104,60,30,9,164,39,68,11,69,30,25,29,66,62,18,20,22,20,63,40,35,13,0,0,0,11,23,56,12,6,8,19,75,79,48,105,52,46,106,70,27,66,129,25,178,8,42,41,112,24,50,96,25,130,38,44,62,25,144,28,161,23,164,71,90,42,33,57,52,69,43,39,
Total,2700,1329,1371,884,722,639,455,1606,1094,1036,151,1041,348,124,246,880,1103,380,290,461,276,740,662,679,268,683,1073,651,254,479,1026,545,202,682,978,556,992,1152,893,944,864,1165,1112,423,784,1888,180,2520,434,761,500,1005,538,767,1273,545,1985,607,1030,895,424,2180,516,2144,374,2260,1032,1368,300,644,724,608,991,667,434,
Composition of Adults,100%,49%,51%,33%,27%,24%,17%,59%,41%,38%,6%,39%,13%,5%,9%,33%,41%,14%,11%,17%,10%,27%,25%,25%,10%,25%,40%,24%,9%,18%,38%,20%,7%,25%,36%,21%,37%,43%,33%,35%,32%,43%,41%,16%,29%,70%,7%,93%,16%,28%,19%,37%,20%,28%,47%,20%,74%,22%,38%,33%,16%,81%,19%,79%,14%,84%,38%,51%,11%,24%,27%,23%,37%,25%,16%,
 ,,,,,,,,,,,,,,,,,,,,,,,,,,,,,,,,,,,,,,,,,,,,,,,,,,,,,,,,,,,,,,,,,,,,,,,,,,,,
2700 Adults,All,Gender,Age,<50 / 50+,Race,Class,White X Class,Paycheck,Party Affiliation,Ideology,2016 Vote,Education,Income,Marital Status,Child < 18,Single Parent,Religion,Attend Religious Service,Evangelical,Abortion,Union HH,Military HH,LGBTQ HH,Urbanicity,Suburban,Region,,,,,,,,,,,,,,,,,,,,,,,,,,,,,,,,,,,,,,,,,,,,,,,,,,
Credibility Interval: ± ,Male,Female,18-34,35-49,50-64,65+,18-49,50+,White,Black,Hispanic,Asian,Other,Poor,Working,MC,Upper-MC,Working,Middle,Falling,Getting ,Ends Mee,Rainy Da,Prosperi,Republic,Democrat,Independ,Very Con,Conserva,Moderate,Liberal,Very Lib,Trump,Clinton,High Sch,Some Col,4-year C,< $40K,$40K - $,> $80K,Single,Married,No Longe,Yes,No,Yes,No,Protesta,Catholic,Other,No Relig,Regularl,Occasion,Almost N,Yes,No,Strongly,Strongly,In The M,Yes,No,Yes,No,Yes,No,Urban,Suburban,Rural,Male,Female,Central ,Greater ,Inland E,Bay Area,,
Very Conservative,254,158,96,68,53,60,74,120,134,117,10,110,10,7,22,55,104,34,28,60,25,51,42,91,42,193,21,25,254,0,0,0,0,184,24,46,91,117,76,109,69,118,112,23,63,189,12,242,73,41,51,89,94,56,62,113,133,121,30,90,41,206,82,167,14,237,105,120,28,59,61,53,70,98,32,
Conservative,479,267,212,129,135,135,80,264,215,202,17,160,79,22,43,176,201,53,72,89,37,140,134,124,35,252,105,88,0,479,0,0,0,233,82,126,182,172,158,165,156,155,250,75,151,324,24,455,100,126,105,149,131,151,190,146,302,211,86,159,65,401,85,391,42,427,161,240,79,136,103,134,159,124,63,
Moderate,1026,512,514,328,293,263,142,621,405,353,52,410,160,52,82,356,447,129,94,172,115,282,249,275,80,191,381,351,0,0,1026,0,0,200,380,194,391,441,339,335,351,438,445,143,328,692,75,952,173,321,192,340,218,311,476,192,770,173,364,434,141,861,163,852,124,884,387,541,98,264,277,234,391,223,178,
Liberal,545,228,318,175,144,105,121,319,226,201,41,213,69,23,41,172,222,108,56,92,51,142,153,119,77,27,373,120,0,0,0,545,0,37,334,76,177,292,143,226,177,238,182,125,136,406,34,511,65,189,81,210,57,177,304,60,470,51,357,124,128,407,119,425,122,415,219,286,41,112,174,106,210,129,101,
Very Liberal,202,87,115,83,49,46,25,132,71,87,17,76,18,4,23,55,75,48,18,31,23,55,46,48,30,5,154,27,0,0,0,0,202,9,133,29,71,102,72,59,71,112,65,25,51,147,13,190,11,38,32,121,16,32,146,14,184,21,148,32,25,170,34,168,48,151,90,103,9,42,61,26,90,48,39,
Not Sure,193,78,115,101,49,31,13,150,43,77,14,73,12,17,35,66,53,8,24,17,25,71,38,22,5,15,38,40,0,0,0,0,0,19,25,85,80,28,104,50,39,103,58,32,55,130,22,171,11,46,39,97,22,39,95,21,126,31,45,57,24,136,34,143,23,148,69,79,45,32,47,55,71,45,21,
Total,2700,1329,1371,884,722,639,455,1606,1094,1036,151,1041,348,124,246,880,1103,380,290,461,276,740,662,679,268,683,1073,651,254,479,1026,545,202,682,978,556,992,1152,893,944,864,1165,1112,423,784,1888,180,2520,434,761,500,1005,538,767,1273,545,1985,607,1030,895,424,2180,516,2144,374,2260,1032,1368,300,644,724,608,991,667,434,
Composition of Adults,100%,49%,51%,33%,27%,24%,17%,59%,41%,38%,6%,39%,13%,5%,9%,33%,41%,14%,11%,17%,10%,27%,25%,25%,10%,25%,40%,24%,9%,18%,38%,20%,7%,25%,36%,21%,37%,43%,33%,35%,32%,43%,41%,16%,29%,70%,7%,93%,16%,28%,19%,37%,20%,28%,47%,20%,74%,22%,38%,33%,16%,81%,19%,79%,14%,84%,38%,51%,11%,24%,27%,23%,37%,25%,16%,
 ,,,,,,,,,,,,,,,,,,,,,,,,,,,,,,,,,,,,,,,,,,,,,,,,,,,,,,,,,,,,,,,,,,,,,,,,,,,,
2700 Adults,All,Gender,Age,<50 / 50+,Race,Class,White X Class,Paycheck,Party Affiliation,Ideology,2016 Vote,Education,Income,Marital Status,Child < 18,Single Parent,Religion,Attend Religious Service,Evangelical,Abortion,Union HH,Military HH,LGBTQ HH,Urbanicity,Suburban,Region,,,,,,,,,,,,,,,,,,,,,,,,,,,,,,,,,,,,,,,,,,,,,,,,,,
Credibility Interval: ± ,Male,Female,18-34,35-49,50-64,65+,18-49,50+,White,Black,Hispanic,Asian,Other,Poor,Working,MC,Upper-MC,Working,Middle,Falling,Getting ,Ends Mee,Rainy Da,Prosperi,Republic,Democrat,Independ,Very Con,Conserva,Moderate,Liberal,Very Lib,Trump,Clinton,High Sch,Some Col,4-year C,< $40K,$40K - $,> $80K,Single,Married,No Longe,Yes,No,Yes,No,Protesta,Catholic,Other,No Relig,Regularl,Occasion,Almost N,Yes,No,Strongly,Strongly,In The M,Yes,No,Yes,No,Yes,No,Urban,Suburban,Rural,Male,Female,Central ,Greater ,Inland E,Bay Area,,
Trump,682,426,256,165,171,193,153,336,346,358,13,224,59,28,44,185,300,109,92,175,64,161,147,215,87,501,41,119,184,233,200,37,9,682,0,126,238,317,162,275,244,243,338,100,194,482,26,655,163,163,133,222,197,201,237,224,428,280,134,241,102,568,162,514,46,626,248,354,79,211,144,164,239,205,74,
Clinton,978,427,551,245,279,267,187,524,454,342,83,381,138,34,72,311,446,137,83,167,107,247,267,272,75,56,748,133,24,82,380,334,133,0,978,131,350,497,296,313,369,387,425,166,289,678,58,919,165,318,173,322,182,288,496,159,783,124,532,303,161,797,163,810,140,822,392,518,68,215,303,189,398,197,194,
Someone Else,256,133,124,98,75,51,32,174,83,98,13,102,27,15,32,95,99,28,36,39,28,82,65,60,20,42,70,109,6,41,133,38,31,0,0,37,112,108,86,89,82,115,105,37,88,168,25,232,39,64,46,108,46,64,138,46,196,47,104,97,44,203,55,198,41,211,95,128,33,64,64,61,90,51,55,
Did Not Vote,658,307,350,316,173,126,42,489,169,214,36,262,111,34,86,264,238,57,73,76,68,229,168,123,36,74,200,232,35,109,289,90,27,0,0,231,267,160,303,206,149,370,216,72,181,472,59,599,63,156,135,304,103,150,376,104,492,145,205,229,69,555,84,561,101,535,263,296,98,140,156,169,234,156,99,
Can't Remember,127,37,90,58,25,3,41,83,44,24,4,72,14,12,13,25,21,49,7,4,9,21,14,9,50,10,15,58,5,14,25,46,2,0,0,31,25,71,46,61,20,50,28,48,32,87,11,115,2,61,14,49,10,64,26,12,86,11,55,26,46,58,52,62,46,67,34,71,22,15,56,25,31,57,13,
Total,2700,1329,1371,884,722,639,455,1606,1094,1036,151,1041,348,124,246,880,1103,380,290,461,276,740,662,679,268,683,1073,651,254,479,1026,545,202,682,978,556,992,1152,893,944,864,1165,1112,423,784,1888,180,2520,434,761,500,1005,538,767,1273,545,1985,607,1030,895,424,2180,516,2144,374,2260,1032,1368,300,644,724,608,991,667,434,
Composition of Adults,100%,49%,51%,33%,27%,24%,17%,59%,41%,38%,6%,39%,13%,5%,9%,33%,41%,14%,11%,17%,10%,27%,25%,25%,10%,25%,40%,24%,9%,18%,38%,20%,7%,25%,36%,21%,37%,43%,33%,35%,32%,43%,41%,16%,29%,70%,7%,93%,16%,28%,19%,37%,20%,28%,47%,20%,74%,22%,38%,33%,16%,81%,19%,79%,14%,84%,38%,51%,11%,24%,27%,23%,37%,25%,16%,
 ,,,,,,,,,,,,,,,,,,,,,,,,,,,,,,,,,,,,,,,,,,,,,,,,,,,,,,,,,,,,,,,,,,,,,,,,,,,,
2700 Adults,All,Gender,Age,<50 / 50+,Race,Class,White X Class,Paycheck,Party Affiliation,Ideology,2016 Vote,Education,Income,Marital Status,Child < 18,Single Parent,Religion,Attend Religious Service,Evangelical,Abortion,Union HH,Military HH,LGBTQ HH,Urbanicity,Suburban,Region,,,,,,,,,,,,,,,,,,,,,,,,,,,,,,,,,,,,,,,,,,,,,,,,,,
Credibility Interval: ± ,Male,Female,18-34,35-49,50-64,65+,18-49,50+,White,Black,Hispanic,Asian,Other,Poor,Working,MC,Upper-MC,Working,Middle,Falling,Getting ,Ends Mee,Rainy Da,Prosperi,Republic,Democrat,Independ,Very Con,Conserva,Moderate,Liberal,Very Lib,Trump,Clinton,High Sch,Some Col,4-year C,< $40K,$40K - $,> $80K,Single,Married,No Longe,Yes,No,Yes,No,Protesta,Catholic,Other,No Relig,Regularl,Occasion,Almost N,Yes,No,Strongly,Strongly,In The M,Yes,No,Yes,No,Yes,No,Urban,Suburban,Rural,Male,Female,Central ,Greater ,Inland E,Bay Area,,
High School,556,303,253,223,148,133,51,372,184,191,28,279,33,24,88,232,184,23,67,71,70,199,153,77,25,128,191,142,46,126,194,76,29,126,131,556,0,0,297,186,73,295,184,77,170,384,67,489,58,154,106,238,81,160,279,129,361,139,173,173,79,439,86,458,91,446,207,252,96,138,114,162,189,151,53,
Some College,992,462,530,344,269,239,139,614,378,387,78,393,83,51,108,416,379,76,142,152,126,343,264,191,52,252,396,229,91,182,391,177,71,238,350,0,992,0,411,347,234,446,373,173,290,695,76,916,168,267,187,370,189,275,505,228,699,240,362,340,147,815,174,803,136,831,366,503,123,233,270,273,337,254,128,
4-year College Degree,1152,564,588,316,304,266,265,620,532,458,45,369,231,49,50,232,540,281,81,238,80,199,246,412,191,303,487,279,117,172,441,292,102,317,497,0,0,1152,184,411,557,424,555,173,324,809,36,1116,208,339,207,398,268,332,490,189,925,228,496,382,198,926,256,883,146,983,459,613,81,273,340,173,464,261,254,
Total,2700,1329,1371,884,722,639,455,1606,1094,1036,151,1041,348,124,246,880,1103,380,290,461,276,740,662,679,268,683,1073,651,254,479,1026,545,202,682,978,556,992,1152,893,944,864,1165,1112,423,784,1888,180,2520,434,761,500,1005,538,767,1273,545,1985,607,1030,895,424,2180,516,2144,374,2260,1032,1368,300,644,724,608,991,667,434,
Composition of Adults,100%,49%,51%,33%,27%,24%,17%,59%,41%,38%,6%,39%,13%,5%,9%,33%,41%,14%,11%,17%,10%,27%,25%,25%,10%,25%,40%,24%,9%,18%,38%,20%,7%,25%,36%,21%,37%,43%,33%,35%,32%,43%,41%,16%,29%,70%,7%,93%,16%,28%,19%,37%,20%,28%,47%,20%,74%,22%,38%,33%,16%,81%,19%,79%,14%,84%,38%,51%,11%,24%,27%,23%,37%,25%,16%,
 ,,,,,,,,,,,,,,,,,,,,,,,,,,,,,,,,,,,,,,,,,,,,,,,,,,,,,,,,,,,,,,,,,,,,,,,,,,,,
2700 Adults,All,Gender,Age,<50 / 50+,Race,Class,White X Class,Paycheck,Party Affiliation,Ideology,2016 Vote,Education,Income,Marital Status,Child < 18,Single Parent,Religion,Attend Religious Service,Evangelical,Abortion,Union HH,Military HH,LGBTQ HH,Urbanicity,Suburban,Region,,,,,,,,,,,,,,,,,,,,,,,,,,,,,,,,,,,,,,,,,,,,,,,,,,
Credibility Interval: ± ,Male,Female,18-34,35-49,50-64,65+,18-49,50+,White,Black,Hispanic,Asian,Other,Poor,Working,MC,Upper-MC,Working,Middle,Falling,Getting ,Ends Mee,Rainy Da,Prosperi,Republic,Democrat,Independ,Very Con,Conserva,Moderate,Liberal,Very Lib,Trump,Clinton,High Sch,Some Col,4-year C,< $40K,$40K - $,> $80K,Single,Married,No Longe,Yes,No,Yes,No,Protesta,Catholic,Other,No Relig,Regularl,Occasion,Almost N,Yes,No,Strongly,Strongly,In The M,Yes,No,Yes,No,Yes,No,Urban,Suburban,Rural,Male,Female,Central ,Greater ,Inland E,Bay Area,,
< $40K,893,402,491,344,238,192,119,582,311,321,63,368,95,45,213,394,234,23,127,80,143,388,219,78,22,171,360,216,76,158,339,143,72,162,296,297,411,184,893,0,0,505,210,178,245,643,98,794,120,212,183,377,164,236,450,199,619,214,306,285,82,764,120,762,143,724,388,368,137,163,205,266,298,217,112,
$40K - $80K,944,466,477,320,218,198,207,539,405,339,55,413,96,41,27,361,411,95,117,186,84,240,258,259,86,270,346,244,109,165,335,226,59,275,313,186,347,411,0,944,0,427,359,158,254,685,62,882,148,308,161,327,174,298,413,170,718,197,369,334,182,734,227,703,141,782,358,512,74,220,291,183,352,285,124,
> $80K,864,461,402,219,266,249,130,485,379,376,32,260,157,38,6,125,458,262,46,194,49,112,185,342,160,242,367,191,69,156,351,177,71,244,369,73,234,557,0,0,864,233,543,87,286,560,19,844,165,241,156,301,200,233,410,176,649,196,355,277,160,682,169,680,89,755,285,488,90,261,228,159,342,165,198,
Total,2700,1329,1371,884,722,639,455,1606,1094,1036,151,1041,348,124,246,880,1103,380,290,461,276,740,662,679,268,683,1073,651,254,479,1026,545,202,682,978,556,992,1152,893,944,864,1165,1112,423,784,1888,180,2520,434,761,500,1005,538,767,1273,545,1985,607,1030,895,424,2180,516,2144,374,2260,1032,1368,300,644,724,608,991,667,434,
Composition of Adults,100%,49%,51%,33%,27%,24%,17%,59%,41%,38%,6%,39%,13%,5%,9%,33%,41%,14%,11%,17%,10%,27%,25%,25%,10%,25%,40%,24%,9%,18%,38%,20%,7%,25%,36%,21%,37%,43%,33%,35%,32%,43%,41%,16%,29%,70%,7%,93%,16%,28%,19%,37%,20%,28%,47%,20%,74%,22%,38%,33%,16%,81%,19%,79%,14%,84%,38%,51%,11%,24%,27%,23%,37%,25%,16%,
 ,,,,,,,,,,,,,,,,,,,,,,,,,,,,,,,,,,,,,,,,,,,,,,,,,,,,,,,,,,,,,,,,,,,,,,,,,,,,
2700 Adults,All,Gender,Age,<50 / 50+,Race,Class,White X Class,Paycheck,Party Affiliation,Ideology,2016 Vote,Education,Income,Marital Status,Child < 18,Single Parent,Religion,Attend Religious Service,Evangelical,Abortion,Union HH,Military HH,LGBTQ HH,Urbanicity,Suburban,Region,,,,,,,,,,,,,,,,,,,,,,,,,,,,,,,,,,,,,,,,,,,,,,,,,,
Credibility Interval: ± ,Male,Female,18-34,35-49,50-64,65+,18-49,50+,White,Black,Hispanic,Asian,Other,Poor,Working,MC,Upper-MC,Working,Middle,Falling,Getting ,Ends Mee,Rainy Da,Prosperi,Republic,Democrat,Independ,Very Con,Conserva,Moderate,Liberal,Very Lib,Trump,Clinton,High Sch,Some Col,4-year C,< $40K,$40K - $,> $80K,Single,Married,No Longe,Yes,No,Yes,No,Protesta,Catholic,Other,No Relig,Regularl,Occasion,Almost N,Yes,No,Strongly,Strongly,In The M,Yes,No,Yes,No,Yes,No,Urban,Suburban,Rural,Male,Female,Central ,Greater ,Inland E,Bay Area,,
Single,1165,640,524,635,264,192,74,898,266,416,75,470,147,57,127,428,427,117,139,163,138,375,295,246,68,235,498,282,118,155,438,238,112,243,387,295,446,424,505,427,233,1165,0,0,180,976,180,985,134,297,198,536,157,286,637,169,915,195,477,403,148,952,183,961,207,925,515,525,125,269,255,242,461,295,167,
Married,1112,568,544,224,370,310,207,595,517,467,45,393,169,38,58,331,517,194,108,236,94,222,282,358,138,349,415,245,112,250,445,182,65,338,425,184,373,555,210,359,543,0,1112,0,522,577,0,1112,231,335,209,338,295,338,452,291,761,318,355,378,184,909,226,874,88,1001,391,596,125,301,295,263,410,243,195,
No Longer Married,423,121,302,25,88,137,174,113,311,154,31,178,32,29,61,122,159,69,44,62,45,144,84,75,63,99,161,124,23,75,143,125,25,100,166,77,173,173,178,158,87,0,0,423,82,335,0,423,69,129,94,130,86,144,184,85,308,93,199,114,92,319,107,309,78,334,126,247,50,74,173,103,119,129,72,
Total,2700,1329,1371,884,722,639,455,1606,1094,1036,151,1041,348,124,246,880,1103,380,290,461,276,740,662,679,268,683,1073,651,254,479,1026,545,202,682,978,556,992,1152,893,944,864,1165,1112,423,784,1888,180,2520,434,761,500,1005,538,767,1273,545,1985,607,1030,895,424,2180,516,2144,374,2260,1032,1368,300,644,724,608,991,667,434,
Composition of Adults,100%,49%,51%,33%,27%,24%,17%,59%,41%,38%,6%,39%,13%,5%,9%,33%,41%,14%,11%,17%,10%,27%,25%,25%,10%,25%,40%,24%,9%,18%,38%,20%,7%,25%,36%,21%,37%,43%,33%,35%,32%,43%,41%,16%,29%,70%,7%,93%,16%,28%,19%,37%,20%,28%,47%,20%,74%,22%,38%,33%,16%,81%,19%,79%,14%,84%,38%,51%,11%,24%,27%,23%,37%,25%,16%,
 ,,,,,,,,,,,,,,,,,,,,,,,,,,,,,,,,,,,,,,,,,,,,,,,,,,,,,,,,,,,,,,,,,,,,,,,,,,,,
2700 Adults,All,Gender,Age,<50 / 50+,Race,Class,White X Class,Paycheck,Party Affiliation,Ideology,2016 Vote,Education,Income,Marital Status,Child < 18,Single Parent,Religion,Attend Religious Service,Evangelical,Abortion,Union HH,Military HH,LGBTQ HH,Urbanicity,Suburban,Region,,,,,,,,,,,,,,,,,,,,,,,,,,,,,,,,,,,,,,,,,,,,,,,,,,
Credibility Interval: ± ,Male,Female,18-34,35-49,50-64,65+,18-49,50+,White,Black,Hispanic,Asian,Other,Poor,Working,MC,Upper-MC,Working,Middle,Falling,Getting ,Ends Mee,Rainy Da,Prosperi,Republic,Democrat,Independ,Very Con,Conserva,Moderate,Liberal,Very Lib,Trump,Clinton,High Sch,Some Col,4-year C,< $40K,$40K - $,> $80K,Single,Married,No Longe,Yes,No,Yes,No,Protesta,Catholic,Other,No Relig,Regularl,Occasion,Almost N,Yes,No,Strongly,Strongly,In The M,Yes,No,Yes,No,Yes,No,Urban,Suburban,Rural,Male,Female,Central ,Greater ,Inland E,Bay Area,,
Yes,784,373,412,255,396,112,21,651,133,292,46,327,90,30,81,277,327,91,83,133,109,220,189,186,67,219,313,162,63,151,328,136,51,194,289,170,290,324,245,254,286,180,522,82,784,0,180,605,115,244,171,255,173,258,325,198,525,212,248,269,124,637,130,644,84,684,326,372,87,174,199,211,255,195,123,
No,1888,948,940,615,322,517,433,937,951,738,104,701,256,88,164,598,763,285,203,326,166,517,473,481,196,459,750,486,189,324,692,406,147,482,678,384,695,809,643,685,560,976,577,335,0,1888,0,1888,315,510,328,735,364,496,940,344,1443,389,775,618,296,1527,379,1486,284,1562,701,982,205,466,515,390,727,462,309,
Total,2700,1329,1371,884,722,639,455,1606,1094,1036,151,1041,348,124,246,880,1103,380,290,461,276,740,662,679,268,683,1073,651,254,479,1026,545,202,682,978,556,992,1152,893,944,864,1165,1112,423,784,1888,180,2520,434,761,500,1005,538,767,1273,545,1985,607,1030,895,424,2180,516,2144,374,2260,1032,1368,300,644,724,608,991,667,434,
Composition of Adults,100%,49%,51%,33%,27%,24%,17%,59%,41%,38%,6%,39%,13%,5%,9%,33%,41%,14%,11%,17%,10%,27%,25%,25%,10%,25%,40%,24%,9%,18%,38%,20%,7%,25%,36%,21%,37%,43%,33%,35%,32%,43%,41%,16%,29%,70%,7%,93%,16%,28%,19%,37%,20%,28%,47%,20%,74%,22%,38%,33%,16%,81%,19%,79%,14%,84%,38%,51%,11%,24%,27%,23%,37%,25%,16%,
 ,,,,,,,,,,,,,,,,,,,,,,,,,,,,,,,,,,,,,,,,,,,,,,,,,,,,,,,,,,,,,,,,,,,,,,,,,,,,
2700 Registered Voters,All,Gender,Age,<50 / 50+,Race,Class,White X Class,Paycheck,Party Affiliation,Ideology,2016 Vote,Education,Income,Marital Status,Child < 18,Single Parent,Religion,Attend Religious Service,Evangelical,Abortion,Union HH,Military HH,LGBTQ HH,Urbanicity,Suburban,Region,,,,,,,,,,,,,,,,,,,,,,,,,,,,,,,,,,,,,,,,,,,,,,,,,,
Credibility Interval: ± ,Male,Female,18-34,35-49,50-64,65+,18-49,50+,White,Black,Hispanic,Asian,Other,Poor,Working,MC,Upper-MC,Working,Middle,Falling,Getting ,Ends Mee,Rainy Da,Prosperi,Republic,Democrat,Independ,Very Con,Conserva,Moderate,Liberal,Very Lib,Trump,Clinton,High Sch,Some Col,4-year C,< $40K,$40K - $,> $80K,Single,Married,No Longe,Yes,No,Yes,No,Protesta,Catholic,Other,No Relig,Regularl,Occasion,Almost N,Yes,No,Strongly,Strongly,In The M,Yes,No,Yes,No,Yes,No,Urban,Suburban,Rural,Male,Female,Central ,Greater ,Inland E,Bay Area,,
Yes,180,85,94,94,67,14,5,161,19,53,19,89,8,11,34,76,60,7,16,22,36,71,39,23,8,33,78,37,12,24,75,34,13,26,58,67,76,36,98,62,19,180,0,0,180,0,180,0,19,54,30,76,21,59,88,33,130,35,63,65,26,145,25,152,29,146,82,72,26,36,35,58,61,43,17,
No,2520,1244,1276,790,655,626,450,1445,1076,984,132,952,340,113,211,804,1043,373,274,439,240,670,622,656,261,650,996,614,242,455,952,511,190,655,919,489,916,1116,794,882,844,985,1112,423,605,1888,0,2520,415,707,470,929,517,708,1184,512,1855,572,967,830,398,2035,491,1992,344,2115,949,1296,275,608,688,549,930,624,417,
Total,2700,1329,1371,884,722,639,455,1606,1094,1036,151,1041,348,124,246,880,1103,380,290,461,276,740,662,679,268,683,1073,651,254,479,1026,545,202,682,978,556,992,1152,893,944,864,1165,1112,423,784,1888,180,2520,434,761,500,1005,538,767,1273,545,1985,607,1030,895,424,2180,516,2144,374,2260,1032,1368,300,644,724,608,991,667,434,
Composition of Registered Voters,100%,49%,51%,33%,27%,24%,17%,59%,41%,38%,6%,39%,13%,5%,9%,33%,41%,14%,11%,17%,10%,27%,25%,25%,10%,25%,40%,24%,9%,18%,38%,20%,7%,25%,36%,21%,37%,43%,33%,35%,32%,43%,41%,16%,29%,70%,7%,93%,16%,28%,19%,37%,20%,28%,47%,20%,74%,22%,38%,33%,16%,81%,19%,79%,14%,84%,38%,51%,11%,24%,27%,23%,37%,25%,16%,
 ,,,,,,,,,,,,,,,,,,,,,,,,,,,,,,,,,,,,,,,,,,,,,,,,,,,,,,,,,,,,,,,,,,,,,,,,,,,,
2700 Adults,All,Gender,Age,<50 / 50+,Race,Class,White X Class,Paycheck,Party Affiliation,Ideology,2016 Vote,Education,Income,Marital Status,Child < 18,Single Parent,Religion,Attend Religious Service,Evangelical,Abortion,Union HH,Military HH,LGBTQ HH,Urbanicity,Suburban,Region,,,,,,,,,,,,,,,,,,,,,,,,,,,,,,,,,,,,,,,,,,,,,,,,,,
Credibility Interval: ± ,Male,Female,18-34,35-49,50-64,65+,18-49,50+,White,Black,Hispanic,Asian,Other,Poor,Working,MC,Upper-MC,Working,Middle,Falling,Getting ,Ends Mee,Rainy Da,Prosperi,Republic,Democrat,Independ,Very Con,Conserva,Moderate,Liberal,Very Lib,Trump,Clinton,High Sch,Some Col,4-year C,< $40K,$40K - $,> $80K,Single,Married,No Longe,Yes,No,Yes,No,Protesta,Catholic,Other,No Relig,Regularl,Occasion,Almost N,Yes,No,Strongly,Strongly,In The M,Yes,No,Yes,No,Yes,No,Urban,Suburban,Rural,Male,Female,Central ,Greater ,Inland E,Bay Area,,
Protestant,434,237,196,90,99,130,114,190,244,203,51,100,60,20,34,123,217,58,45,106,38,113,109,131,38,172,163,80,73,100,173,65,11,163,165,58,168,208,120,148,165,134,231,69,115,315,19,415,434,0,0,0,204,120,109,250,167,182,104,127,75,352,94,335,37,389,155,236,42,124,112,100,159,97,78,
Catholic,761,373,388,234,195,210,121,429,332,198,8,464,69,23,40,270,309,133,62,81,75,198,182,181,107,168,347,181,41,126,321,189,38,163,318,154,267,339,212,308,241,297,335,129,244,510,54,707,0,761,0,0,168,331,246,94,626,152,287,281,161,571,169,583,120,626,283,404,74,183,221,149,311,185,115,
Other,500,212,288,184,149,95,73,333,167,205,43,157,69,26,59,154,207,75,52,89,66,130,139,102,43,125,199,115,51,105,192,81,32,133,173,106,187,207,183,161,156,198,209,94,171,328,30,470,0,0,500,0,130,212,148,119,345,134,183,151,71,414,87,409,65,422,186,255,59,108,147,105,191,127,77,
No Organized Religion,1005,507,498,375,279,203,148,654,351,430,50,321,149,56,113,332,370,114,132,184,97,299,232,266,79,218,364,275,89,149,340,210,121,222,322,238,370,398,377,327,301,536,338,130,255,735,76,929,0,0,0,1005,36,105,770,83,847,139,456,336,117,843,166,817,151,823,407,473,125,229,244,254,329,258,164,
Total,2700,1329,1371,884,722,639,455,1606,1094,1036,151,1041,348,124,246,880,1103,380,290,461,276,740,662,679,268,683,1073,651,254,479,1026,545,202,682,978,556,992,1152,893,944,864,1165,1112,423,784,1888,180,2520,434,761,500,1005,538,767,1273,545,1985,607,1030,895,424,2180,516,2144,374,2260,1032,1368,300,644,724,608,991,667,434,
Composition of Adults,100%,49%,51%,33%,27%,24%,17%,59%,41%,38%,6%,39%,13%,5%,9%,33%,41%,14%,11%,17%,10%,27%,25%,25%,10%,25%,40%,24%,9%,18%,38%,20%,7%,25%,36%,21%,37%,43%,33%,35%,32%,43%,41%,16%,29%,70%,7%,93%,16%,28%,19%,37%,20%,28%,47%,20%,74%,22%,38%,33%,16%,81%,19%,79%,14%,84%,38%,51%,11%,24%,27%,23%,37%,25%,16%,
 ,,,,,,,,,,,,,,,,,,,,,,,,,,,,,,,,,,,,,,,,,,,,,,,,,,,,,,,,,,,,,,,,,,,,,,,,,,,,
2700 Adults,All,Gender,Age,<50 / 50+,Race,Class,White X Class,Paycheck,Party Affiliation,Ideology,2016 Vote,Education,Income,Marital Status,Child < 18,Single Parent,Religion,Attend Religious Service,Evangelical,Abortion,Union HH,Military HH,LGBTQ HH,Urbanicity,Suburban,Region,,,,,,,,,,,,,,,,,,,,,,,,,,,,,,,,,,,,,,,,,,,,,,,,,,
Credibility Interval: ± ,Male,Female,18-34,35-49,50-64,65+,18-49,50+,White,Black,Hispanic,Asian,Other,Poor,Working,MC,Upper-MC,Working,Middle,Falling,Getting ,Ends Mee,Rainy Da,Prosperi,Republic,Democrat,Independ,Very Con,Conserva,Moderate,Liberal,Very Lib,Trump,Clinton,High Sch,Some Col,4-year C,< $40K,$40K - $,> $80K,Single,Married,No Longe,Yes,No,Yes,No,Protesta,Catholic,Other,No Relig,Regularl,Occasion,Almost N,Yes,No,Strongly,Strongly,In The M,Yes,No,Yes,No,Yes,No,Urban,Suburban,Rural,Male,Female,Central ,Greater ,Inland E,Bay Area,,
Regularly,538,257,281,144,135,148,111,279,259,186,46,204,80,22,36,188,246,67,50,90,47,144,131,144,62,212,184,100,94,131,218,57,16,197,182,81,189,268,164,174,200,157,295,86,173,364,21,517,204,168,130,36,538,0,0,286,232,289,89,135,88,436,102,429,42,488,214,279,45,135,143,120,219,123,76,
Occasionally,767,353,414,245,220,176,125,465,302,238,48,357,87,36,55,236,315,149,61,109,71,186,189,202,101,192,316,176,56,151,311,177,32,201,288,160,275,332,236,298,233,286,338,144,258,496,59,708,120,331,212,105,0,767,0,170,539,154,275,291,159,585,173,586,119,628,299,394,73,163,231,155,292,198,122,
Almost Never,1273,645,627,442,348,307,177,789,483,578,51,417,170,56,147,433,510,158,168,251,153,386,323,287,101,229,558,353,62,190,476,304,146,237,496,279,505,490,450,413,410,637,452,184,325,940,88,1184,109,246,148,770,0,0,1273,83,1124,157,636,416,169,1071,191,1070,196,1055,448,665,160,333,332,311,450,289,222,
Not Sure,123,75,48,53,19,8,43,72,51,34,5,63,10,10,7,23,32,6,12,11,5,25,19,46,4,50,15,22,42,8,21,7,8,47,12,36,24,63,44,59,20,85,28,10,28,88,12,111,1,16,11,95,0,0,0,6,90,8,30,53,8,89,49,60,16,90,70,30,22,14,17,22,30,57,14,
Total,2700,1329,1371,884,722,639,455,1606,1094,1036,151,1041,348,124,246,880,1103,380,290,461,276,740,662,679,268,683,1073,651,254,479,1026,545,202,682,978,556,992,1152,893,944,864,1165,1112,423,784,1888,180,2520,434,761,500,1005,538,767,1273,545,1985,607,1030,895,424,2180,516,2144,374,2260,1032,1368,300,644,724,608,991,667,434,
Composition of Adults,100%,49%,51%,33%,27%,24%,17%,59%,41%,38%,6%,39%,13%,5%,9%,33%,41%,14%,11%,17%,10%,27%,25%,25%,10%,25%,40%,24%,9%,18%,38%,20%,7%,25%,36%,21%,37%,43%,33%,35%,32%,43%,41%,16%,29%,70%,7%,93%,16%,28%,19%,37%,20%,28%,47%,20%,74%,22%,38%,33%,16%,81%,19%,79%,14%,84%,38%,51%,11%,24%,27%,23%,37%,25%,16%,
 ,,,,,,,,,,,,,,,,,,,,,,,,,,,,,,,,,,,,,,,,,,,,,,,,,,,,,,,,,,,,,,,,,,,,,,,,,,,,
2700 Adults,All,Gender,Age,<50 / 50+,Race,Class,White X Class,Paycheck,Party Affiliation,Ideology,2016 Vote,Education,Income,Marital Status,Child < 18,Single Parent,Religion,Attend Religious Service,Evangelical,Abortion,Union HH,Military HH,LGBTQ HH,Urbanicity,Suburban,Region,,,,,,,,,,,,,,,,,,,,,,,,,,,,,,,,,,,,,,,,,,,,,,,,,,
Credibility Interval: ± ,Male,Female,18-34,35-49,50-64,65+,18-49,50+,White,Black,Hispanic,Asian,Other,Poor,Working,MC,Upper-MC,Working,Middle,Falling,Getting ,Ends Mee,Rainy Da,Prosperi,Republic,Democrat,Independ,Very Con,Conserva,Moderate,Liberal,Very Lib,Trump,Clinton,High Sch,Some Col,4-year C,< $40K,$40K - $,> $80K,Single,Married,No Longe,Yes,No,Yes,No,Protesta,Catholic,Other,No Relig,Regularl,Occasion,Almost N,Yes,No,Strongly,Strongly,In The M,Yes,No,Yes,No,Yes,No,Urban,Suburban,Rural,Male,Female,Central ,Greater ,Inland E,Bay Area,,
Yes,545,275,270,153,155,147,90,308,237,205,50,205,62,23,48,184,243,68,57,96,46,161,129,141,58,241,169,96,113,146,192,60,14,224,159,129,228,189,199,170,176,169,291,85,198,344,33,512,250,94,119,83,286,170,83,545,0,274,79,153,97,435,97,442,45,493,238,254,53,128,127,128,212,137,69,
No,1985,978,1007,648,518,467,352,1166,819,773,91,766,270,85,173,636,810,299,214,345,211,518,495,512,200,416,866,503,133,302,770,470,184,428,783,361,699,925,619,718,649,915,761,308,525,1443,130,1855,167,626,345,847,232,539,1124,0,1985,295,909,686,307,1626,388,1577,303,1642,737,1041,206,492,549,427,735,478,345,
Not Sure,170,76,94,83,48,25,13,131,39,59,10,69,15,16,25,60,50,13,20,20,19,61,38,26,10,26,37,52,8,32,64,16,5,29,36,67,65,38,75,56,39,80,60,30,61,100,17,154,17,41,37,76,19,58,66,0,0,39,41,57,20,119,31,125,25,126,57,72,41,24,48,53,45,52,21,
Total,2700,1329,1371,884,722,639,455,1606,1094,1036,151,1041,348,124,246,880,1103,380,290,461,276,740,662,679,268,683,1073,651,254,479,1026,545,202,682,978,556,992,1152,893,944,864,1165,1112,423,784,1888,180,2520,434,761,500,1005,538,767,1273,545,1985,607,1030,895,424,2180,516,2144,374,2260,1032,1368,300,644,724,608,991,667,434,
Composition of Adults,100%,49%,51%,33%,27%,24%,17%,59%,41%,38%,6%,39%,13%,5%,9%,33%,41%,14%,11%,17%,10%,27%,25%,25%,10%,25%,40%,24%,9%,18%,38%,20%,7%,25%,36%,21%,37%,43%,33%,35%,32%,43%,41%,16%,29%,70%,7%,93%,16%,28%,19%,37%,20%,28%,47%,20%,74%,22%,38%,33%,16%,81%,19%,79%,14%,84%,38%,51%,11%,24%,27%,23%,37%,25%,16%,
 ,,,,,,,,,,,,,,,,,,,,,,,,,,,,,,,,,,,,,,,,,,,,,,,,,,,,,,,,,,,,,,,,,,,,,,,,,,,,
2700 Adults,All,Gender,Age,<50 / 50+,Race,Class,White X Class,Paycheck,Party Affiliation,Ideology,2016 Vote,Education,Income,Marital Status,Child < 18,Single Parent,Religion,Attend Religious Service,Evangelical,Abortion,Union HH,Military HH,LGBTQ HH,Urbanicity,Suburban,Region,,,,,,,,,,,,,,,,,,,,,,,,,,,,,,,,,,,,,,,,,,,,,,,,,,
Credibility Interval: ± ,Male,Female,18-34,35-49,50-64,65+,18-49,50+,White,Black,Hispanic,Asian,Other,Poor,Working,MC,Upper-MC,Working,Middle,Falling,Getting ,Ends Mee,Rainy Da,Prosperi,Republic,Democrat,Independ,Very Con,Conserva,Moderate,Liberal,Very Lib,Trump,Clinton,High Sch,Some Col,4-year C,< $40K,$40K - $,> $80K,Single,Married,No Longe,Yes,No,Yes,No,Protesta,Catholic,Other,No Relig,Regularl,Occasion,Almost N,Yes,No,Strongly,Strongly,In The M,Yes,No,Yes,No,Yes,No,Urban,Suburban,Rural,Male,Female,Central ,Greater ,Inland E,Bay Area,,
Strongly Pro-life,607,314,293,177,177,161,92,354,253,233,43,237,70,25,57,204,264,73,72,108,56,172,143,158,70,280,142,134,121,211,173,51,21,280,124,139,240,228,214,197,196,195,318,93,212,389,35,572,182,152,134,139,289,154,157,274,295,607,0,0,89,503,95,505,53,542,246,292,70,148,144,158,215,161,74,
Strongly Pro-choice,1030,440,590,347,259,239,185,606,424,443,51,360,135,42,102,311,413,193,112,197,119,284,257,255,103,130,564,254,30,86,364,357,148,134,532,173,362,496,306,369,355,477,355,199,248,775,63,967,104,287,183,456,89,275,636,79,909,0,1030,0,188,811,220,803,220,796,359,587,84,250,336,199,359,270,202,
In The Middle,895,480,416,279,236,212,169,515,381,309,42,385,116,43,71,310,364,101,92,136,90,231,230,245,77,244,329,225,90,159,434,124,32,241,303,173,340,382,285,334,277,403,378,114,269,618,65,830,127,281,151,336,135,291,416,153,686,0,0,895,136,737,178,708,88,784,357,425,114,212,213,216,344,208,128,
Not Sure,167,96,71,80,50,27,10,130,37,52,16,59,26,14,16,55,62,13,14,20,11,53,32,22,18,29,37,38,12,24,55,13,2,27,19,70,51,46,87,44,36,89,60,17,55,105,16,151,21,40,32,74,25,47,64,39,94,0,0,0,10,129,23,127,12,137,70,64,33,35,30,36,73,28,30,
Total,2700,1329,1371,884,722,639,455,1606,1094,1036,151,1041,348,124,246,880,1103,380,290,461,276,740,662,679,268,683,1073,651,254,479,1026,545,202,682,978,556,992,1152,893,944,864,1165,1112,423,784,1888,180,2520,434,761,500,1005,538,767,1273,545,1985,607,1030,895,424,2180,516,2144,374,2260,1032,1368,300,644,724,608,991,667,434,
Composition of Adults,100%,49%,51%,33%,27%,24%,17%,59%,41%,38%,6%,39%,13%,5%,9%,33%,41%,14%,11%,17%,10%,27%,25%,25%,10%,25%,40%,24%,9%,18%,38%,20%,7%,25%,36%,21%,37%,43%,33%,35%,32%,43%,41%,16%,29%,70%,7%,93%,16%,28%,19%,37%,20%,28%,47%,20%,74%,22%,38%,33%,16%,81%,19%,79%,14%,84%,38%,51%,11%,24%,27%,23%,37%,25%,16%,
 ,,,,,,,,,,,,,,,,,,,,,,,,,,,,,,,,,,,,,,,,,,,,,,,,,,,,,,,,,,,,,,,,,,,,,,,,,,,,
2700 Adults,All,Gender,Age,<50 / 50+,Race,Class,White X Class,Paycheck,Party Affiliation,Ideology,2016 Vote,Education,Income,Marital Status,Child < 18,Single Parent,Religion,Attend Religious Service,Evangelical,Abortion,Union HH,Military HH,LGBTQ HH,Urbanicity,Suburban,Region,,,,,,,,,,,,,,,,,,,,,,,,,,,,,,,,,,,,,,,,,,,,,,,,,,
Credibility Interval: ± ,Male,Female,18-34,35-49,50-64,65+,18-49,50+,White,Black,Hispanic,Asian,Other,Poor,Working,MC,Upper-MC,Working,Middle,Falling,Getting ,Ends Mee,Rainy Da,Prosperi,Republic,Democrat,Independ,Very Con,Conserva,Moderate,Liberal,Very Lib,Trump,Clinton,High Sch,Some Col,4-year C,< $40K,$40K - $,> $80K,Single,Married,No Longe,Yes,No,Yes,No,Protesta,Catholic,Other,No Relig,Regularl,Occasion,Almost N,Yes,No,Strongly,Strongly,In The M,Yes,No,Yes,No,Yes,No,Urban,Suburban,Rural,Male,Female,Central ,Greater ,Inland E,Bay Area,,
Yes,424,189,235,120,112,107,85,232,192,146,35,187,40,15,18,149,160,92,41,71,46,107,92,95,78,85,179,124,41,65,141,128,25,102,161,79,147,198,82,182,160,148,184,92,124,296,26,398,75,161,71,117,88,159,169,97,307,89,188,136,424,0,136,285,89,324,141,227,56,95,132,102,133,120,69,
No,2180,1096,1084,697,586,528,370,1282,898,857,112,816,298,98,218,699,913,278,238,376,223,605,552,568,185,587,872,504,206,401,861,407,170,568,797,439,815,926,764,734,682,952,909,319,637,1527,145,2035,352,571,414,843,436,585,1071,435,1626,503,811,737,0,2180,360,1809,266,1881,857,1101,222,524,577,490,821,520,349,
Not Sure,96,44,52,68,24,3,1,92,4,33,4,38,10,11,10,32,30,9,11,13,7,29,18,16,6,11,22,22,7,14,25,10,8,11,20,37,30,28,46,28,21,64,20,12,23,65,8,88,7,29,15,46,14,24,33,13,52,15,31,22,0,0,20,51,18,55,33,40,22,25,15,16,37,27,17,
Total,2700,1329,1371,884,722,639,455,1606,1094,1036,151,1041,348,124,246,880,1103,380,290,461,276,740,662,679,268,683,1073,651,254,479,1026,545,202,682,978,556,992,1152,893,944,864,1165,1112,423,784,1888,180,2520,434,761,500,1005,538,767,1273,545,1985,607,1030,895,424,2180,516,2144,374,2260,1032,1368,300,644,724,608,991,667,434,
Composition of Adults,100%,49%,51%,33%,27%,24%,17%,59%,41%,38%,6%,39%,13%,5%,9%,33%,41%,14%,11%,17%,10%,27%,25%,25%,10%,25%,40%,24%,9%,18%,38%,20%,7%,25%,36%,21%,37%,43%,33%,35%,32%,43%,41%,16%,29%,70%,7%,93%,16%,28%,19%,37%,20%,28%,47%,20%,74%,22%,38%,33%,16%,81%,19%,79%,14%,84%,38%,51%,11%,24%,27%,23%,37%,25%,16%,
 ,,,,,,,,,,,,,,,,,,,,,,,,,,,,,,,,,,,,,,,,,,,,,,,,,,,,,,,,,,,,,,,,,,,,,,,,,,,,
2700 Adults,All,Gender,Age,<50 / 50+,Race,Class,White X Class,Paycheck,Party Affiliation,Ideology,2016 Vote,Education,Income,Marital Status,Child < 18,Single Parent,Religion,Attend Religious Service,Evangelical,Abortion,Union HH,Military HH,LGBTQ HH,Urbanicity,Suburban,Region,,,,,,,,,,,,,,,,,,,,,,,,,,,,,,,,,,,,,,,,,,,,,,,,,,
Credibility Interval: ± ,Male,Female,18-34,35-49,50-64,65+,18-49,50+,White,Black,Hispanic,Asian,Other,Poor,Working,MC,Upper-MC,Working,Middle,Falling,Getting ,Ends Mee,Rainy Da,Prosperi,Republic,Democrat,Independ,Very Con,Conserva,Moderate,Liberal,Very Lib,Trump,Clinton,High Sch,Some Col,4-year C,< $40K,$40K - $,> $80K,Single,Married,No Longe,Yes,No,Yes,No,Protesta,Catholic,Other,No Relig,Regularl,Occasion,Almost N,Yes,No,Strongly,Strongly,In The M,Yes,No,Yes,No,Yes,No,Urban,Suburban,Rural,Male,Female,Central ,Greater ,Inland E,Bay Area,,
Yes,516,277,239,138,92,100,186,230,286,189,30,229,40,27,31,128,208,105,52,88,44,98,115,165,86,157,174,142,82,85,163,119,34,162,163,86,174,256,120,227,169,183,226,107,130,379,25,491,94,169,87,166,102,173,191,97,388,95,220,178,136,360,516,0,116,388,173,287,56,135,153,108,139,197,72,
No,2144,1032,1112,723,618,533,269,1342,802,835,120,798,301,90,212,740,883,271,232,369,229,633,541,506,177,521,893,498,167,391,852,425,168,514,810,458,803,883,762,703,680,961,874,309,644,1486,152,1992,335,583,409,817,429,586,1070,442,1577,505,803,708,285,1809,0,2144,251,1861,844,1065,235,501,563,492,840,462,350,
Not Sure,40,21,19,23,11,6,0,34,6,12,1,14,6,6,2,12,12,4,6,4,3,10,5,8,5,6,6,11,5,4,12,2,1,5,6,12,16,13,11,14,14,20,13,7,11,23,3,37,4,8,5,23,7,8,12,5,20,7,7,9,3,12,0,0,7,11,14,16,10,8,8,8,12,7,13,
Total,2700,1329,1371,884,722,639,455,1606,1094,1036,151,1041,348,124,246,880,1103,380,290,461,276,740,662,679,268,683,1073,651,254,479,1026,545,202,682,978,556,992,1152,893,944,864,1165,1112,423,784,1888,180,2520,434,761,500,1005,538,767,1273,545,1985,607,1030,895,424,2180,516,2144,374,2260,1032,1368,300,644,724,608,991,667,434,
Composition of Adults,100%,49%,51%,33%,27%,24%,17%,59%,41%,38%,6%,39%,13%,5%,9%,33%,41%,14%,11%,17%,10%,27%,25%,25%,10%,25%,40%,24%,9%,18%,38%,20%,7%,25%,36%,21%,37%,43%,33%,35%,32%,43%,41%,16%,29%,70%,7%,93%,16%,28%,19%,37%,20%,28%,47%,20%,74%,22%,38%,33%,16%,81%,19%,79%,14%,84%,38%,51%,11%,24%,27%,23%,37%,25%,16%,
 ,,,,,,,,,,,,,,,,,,,,,,,,,,,,,,,,,,,,,,,,,,,,,,,,,,,,,,,,,,,,,,,,,,,,,,,,,,,,
2700 Adults,All,Gender,Age,<50 / 50+,Race,Class,White X Class,Paycheck,Party Affiliation,Ideology,2016 Vote,Education,Income,Marital Status,Child < 18,Single Parent,Religion,Attend Religious Service,Evangelical,Abortion,Union HH,Military HH,LGBTQ HH,Urbanicity,Suburban,Region,,,,,,,,,,,,,,,,,,,,,,,,,,,,,,,,,,,,,,,,,,,,,,,,,,
Credibility Interval: ± ,Male,Female,18-34,35-49,50-64,65+,18-49,50+,White,Black,Hispanic,Asian,Other,Poor,Working,MC,Upper-MC,Working,Middle,Falling,Getting ,Ends Mee,Rainy Da,Prosperi,Republic,Democrat,Independ,Very Con,Conserva,Moderate,Liberal,Very Lib,Trump,Clinton,High Sch,Some Col,4-year C,< $40K,$40K - $,> $80K,Single,Married,No Longe,Yes,No,Yes,No,Protesta,Catholic,Other,No Relig,Regularl,Occasion,Almost N,Yes,No,Strongly,Strongly,In The M,Yes,No,Yes,No,Yes,No,Urban,Suburban,Rural,Male,Female,Central ,Greater ,Inland E,Bay Area,,
Yes,374,143,231,171,82,63,57,253,120,136,19,181,20,18,48,124,115,83,41,49,53,112,75,71,53,50,163,121,14,42,124,122,48,46,140,91,136,146,143,141,89,207,88,78,84,284,29,344,37,120,65,151,42,119,196,45,303,53,220,88,89,266,116,251,374,0,144,186,43,55,131,72,116,132,53,
No,2260,1152,1109,680,622,566,392,1303,958,880,130,836,320,94,189,735,970,289,245,406,215,613,577,596,207,623,891,510,237,427,884,415,151,626,822,446,831,983,724,782,755,925,1001,334,684,1562,146,2115,389,626,422,823,488,628,1055,493,1642,542,796,784,324,1881,388,1861,0,2260,856,1160,244,578,582,520,849,522,369,
Not Sure,66,35,31,33,17,10,7,50,16,20,1,24,8,12,8,21,18,8,5,6,8,15,10,13,8,11,19,20,3,11,18,9,4,10,16,18,25,23,25,21,20,32,23,11,17,42,5,62,7,14,13,31,8,20,22,7,40,12,14,23,10,33,12,32,0,0,31,22,13,11,10,16,26,13,12,
Total,2700,1329,1371,884,722,639,455,1606,1094,1036,151,1041,348,124,246,880,1103,380,290,461,276,740,662,679,268,683,1073,651,254,479,1026,545,202,682,978,556,992,1152,893,944,864,1165,1112,423,784,1888,180,2520,434,761,500,1005,538,767,1273,545,1985,607,1030,895,424,2180,516,2144,374,2260,1032,1368,300,644,724,608,991,667,434,
Composition of Adults,100%,49%,51%,33%,27%,24%,17%,59%,41%,38%,6%,39%,13%,5%,9%,33%,41%,14%,11%,17%,10%,27%,25%,25%,10%,25%,40%,24%,9%,18%,38%,20%,7%,25%,36%,21%,37%,43%,33%,35%,32%,43%,41%,16%,29%,70%,7%,93%,16%,28%,19%,37%,20%,28%,47%,20%,74%,22%,38%,33%,16%,81%,19%,79%,14%,84%,38%,51%,11%,24%,27%,23%,37%,25%,16%,
 ,,,,,,,,,,,,,,,,,,,,,,,,,,,,,,,,,,,,,,,,,,,,,,,,,,,,,,,,,,,,,,,,,,,,,,,,,,,,
2700 Adults,All,Gender,Age,<50 / 50+,Race,Class,White X Class,Paycheck,Party Affiliation,Ideology,2016 Vote,Education,Income,Marital Status,Child < 18,Single Parent,Religion,Attend Religious Service,Evangelical,Abortion,Union HH,Military HH,LGBTQ HH,Urbanicity,Suburban,Region,,,,,,,,,,,,,,,,,,,,,,,,,,,,,,,,,,,,,,,,,,,,,,,,,,
Credibility Interval: ± ,Male,Female,18-34,35-49,50-64,65+,18-49,50+,White,Black,Hispanic,Asian,Other,Poor,Working,MC,Upper-MC,Working,Middle,Falling,Getting ,Ends Mee,Rainy Da,Prosperi,Republic,Democrat,Independ,Very Con,Conserva,Moderate,Liberal,Very Lib,Trump,Clinton,High Sch,Some Col,4-year C,< $40K,$40K - $,> $80K,Single,Married,No Longe,Yes,No,Yes,No,Protesta,Catholic,Other,No Relig,Regularl,Occasion,Almost N,Yes,No,Strongly,Strongly,In The M,Yes,No,Yes,No,Yes,No,Urban,Suburban,Rural,Male,Female,Central ,Greater ,Inland E,Bay Area,,
Urban,1032,559,473,379,288,220,144,667,364,338,81,433,145,35,101,373,373,131,99,132,106,293,237,264,107,250,462,215,105,161,387,219,90,248,392,207,366,459,388,358,285,515,391,126,326,701,82,949,155,283,186,407,214,299,448,238,737,246,359,357,141,857,173,844,144,856,1032,0,0,0,0,178,435,228,191,
Suburban,1368,644,724,404,354,338,272,758,610,564,59,489,190,65,88,406,634,222,145,281,118,362,366,352,142,356,526,350,120,240,541,286,103,354,518,252,503,613,368,512,488,525,596,247,372,982,72,1296,236,404,255,473,279,394,665,254,1041,292,587,425,227,1101,287,1065,186,1160,0,1368,0,644,724,264,510,379,215,
Rural,300,126,174,100,80,80,40,180,120,135,11,119,13,23,57,101,95,27,46,48,52,86,59,63,19,77,85,86,28,79,98,41,9,79,68,96,123,81,137,74,90,125,125,50,87,205,26,275,42,74,59,125,45,73,160,53,206,70,84,114,56,222,56,235,43,244,0,0,300,0,0,165,46,60,29,
Total,2700,1329,1371,884,722,639,455,1606,1094,1036,151,1041,348,124,246,880,1103,380,290,461,276,740,662,679,268,683,1073,651,254,479,1026,545,202,682,978,556,992,1152,893,944,864,1165,1112,423,784,1888,180,2520,434,761,500,1005,538,767,1273,545,1985,607,1030,895,424,2180,516,2144,374,2260,1032,1368,300,644,724,608,991,667,434,
Composition of Adults,100%,49%,51%,33%,27%,24%,17%,59%,41%,38%,6%,39%,13%,5%,9%,33%,41%,14%,11%,17%,10%,27%,25%,25%,10%,25%,40%,24%,9%,18%,38%,20%,7%,25%,36%,21%,37%,43%,33%,35%,32%,43%,41%,16%,29%,70%,7%,93%,16%,28%,19%,37%,20%,28%,47%,20%,74%,22%,38%,33%,16%,81%,19%,79%,14%,84%,38%,51%,11%,24%,27%,23%,37%,25%,16%,
 ,,,,,,,,,,,,,,,,,,,,,,,,,,,,,,,,,,,,,,,,,,,,,,,,,,,,,,,,,,,,,,,,,,,,,,,,,,,,
2700 Adults,All,Gender,Age,<50 / 50+,Race,Class,White X Class,Paycheck,Party Affiliation,Ideology,2016 Vote,Education,Income,Marital Status,Child < 18,Single Parent,Religion,Attend Religious Service,Evangelical,Abortion,Union HH,Military HH,LGBTQ HH,Urbanicity,Suburban,Region,,,,,,,,,,,,,,,,,,,,,,,,,,,,,,,,,,,,,,,,,,,,,,,,,,
Credibility Interval: ± ,Male,Female,18-34,35-49,50-64,65+,18-49,50+,White,Black,Hispanic,Asian,Other,Poor,Working,MC,Upper-MC,Working,Middle,Falling,Getting ,Ends Mee,Rainy Da,Prosperi,Republic,Democrat,Independ,Very Con,Conserva,Moderate,Liberal,Very Lib,Trump,Clinton,High Sch,Some Col,4-year C,< $40K,$40K - $,> $80K,Single,Married,No Longe,Yes,No,Yes,No,Protesta,Catholic,Other,No Relig,Regularl,Occasion,Almost N,Yes,No,Strongly,Strongly,In The M,Yes,No,Yes,No,Yes,No,Urban,Suburban,Rural,Male,Female,Central ,Greater ,Inland E,Bay Area,,
Male,644,644,0,196,170,163,115,366,278,265,28,226,97,27,39,211,295,96,69,136,56,178,189,154,57,200,225,162,59,136,264,112,42,211,215,138,233,273,163,220,261,269,301,74,174,466,36,608,124,183,108,229,135,163,333,128,492,148,250,212,95,524,135,501,55,578,0,644,0,644,0,114,283,157,91,
Female,724,0,724,208,184,175,156,392,332,299,31,263,93,38,49,195,340,126,76,145,62,185,177,198,85,157,301,188,61,103,277,174,61,144,303,114,270,340,205,291,228,255,295,173,199,515,35,688,112,221,147,244,143,231,332,127,549,144,336,213,132,577,153,563,131,582,0,724,0,0,724,151,228,222,124,
Total,2700,1329,1371,884,722,639,455,1606,1094,1036,151,1041,348,124,246,880,1103,380,290,461,276,740,662,679,268,683,1073,651,254,479,1026,545,202,682,978,556,992,1152,893,944,864,1165,1112,423,784,1888,180,2520,434,761,500,1005,538,767,1273,545,1985,607,1030,895,424,2180,516,2144,374,2260,1032,1368,300,644,724,608,991,667,434,
Composition of Adults,100%,49%,51%,33%,27%,24%,17%,59%,41%,38%,6%,39%,13%,5%,9%,33%,41%,14%,11%,17%,10%,27%,25%,25%,10%,25%,40%,24%,9%,18%,38%,20%,7%,25%,36%,21%,37%,43%,33%,35%,32%,43%,41%,16%,29%,70%,7%,93%,16%,28%,19%,37%,20%,28%,47%,20%,74%,22%,38%,33%,16%,81%,19%,79%,14%,84%,38%,51%,11%,24%,27%,23%,37%,25%,16%,
 ,,,,,,,,,,,,,,,,,,,,,,,,,,,,,,,,,,,,,,,,,,,,,,,,,,,,,,,,,,,,,,,,,,,,,,,,,,,,
2700 Registered Voters,All,Gender,Age,<50 / 50+,Race,Class,White X Class,Paycheck,Party Affiliation,Ideology,2016 Vote,Education,Income,Marital Status,Child < 18,Single Parent,Religion,Attend Religious Service,Evangelical,Abortion,Union HH,Military HH,LGBTQ HH,Urbanicity,Suburban,Region,,,,,,,,,,,,,,,,,,,,,,,,,,,,,,,,,,,,,,,,,,,,,,,,,,
Credibility Interval: ± ,Male,Female,18-34,35-49,50-64,65+,18-49,50+,White,Black,Hispanic,Asian,Other,Poor,Working,MC,Upper-MC,Working,Middle,Falling,Getting ,Ends Mee,Rainy Da,Prosperi,Republic,Democrat,Independ,Very Con,Conserva,Moderate,Liberal,Very Lib,Trump,Clinton,High Sch,Some Col,4-year C,< $40K,$40K - $,> $80K,Single,Married,No Longe,Yes,No,Yes,No,Protesta,Catholic,Other,No Relig,Regularl,Occasion,Almost N,Yes,No,Strongly,Strongly,In The M,Yes,No,Yes,No,Yes,No,Urban,Suburban,Rural,Male,Female,Central ,Greater ,Inland E,Bay Area,,
Central Valley,608,261,347,194,171,152,91,365,243,263,25,232,44,44,77,245,218,54,98,102,84,199,141,129,42,161,217,160,53,134,234,106,26,164,189,162,273,173,266,183,159,242,263,103,211,390,58,549,100,149,105,254,120,155,311,128,427,158,199,216,102,490,108,492,72,520,178,264,165,114,151,608,0,0,0,
Greater L.A.,991,529,462,353,260,234,145,612,379,347,73,391,149,32,68,314,443,144,78,171,95,264,256,244,99,238,427,222,70,159,391,210,90,239,398,189,337,464,298,352,342,461,410,119,255,727,61,930,159,311,191,329,219,292,450,212,735,215,359,344,133,821,139,840,116,849,435,510,46,283,228,0,991,0,0,
Inland Empire,667,319,347,214,159,151,143,373,294,247,38,308,44,30,69,199,248,104,73,112,60,176,159,179,80,205,231,168,98,124,223,129,48,205,197,151,254,261,217,285,165,295,243,129,195,462,43,624,97,185,127,258,123,198,289,137,478,161,270,208,120,520,197,462,132,522,228,379,60,157,222,0,0,667,0,
Bay Area/Northern Coast,434,219,215,123,132,102,77,255,179,180,15,110,111,18,32,122,194,78,42,77,38,103,106,127,47,80,198,101,32,63,178,101,39,74,194,53,128,254,112,124,198,167,195,72,123,309,17,417,78,115,77,164,76,122,222,69,345,74,202,128,69,349,72,350,53,369,191,215,29,91,124,0,0,0,434,
Total,2700,1329,1371,884,722,639,455,1606,1094,1036,151,1041,348,124,246,880,1103,380,290,461,276,740,662,679,268,683,1073,651,254,479,1026,545,202,682,978,556,992,1152,893,944,864,1165,1112,423,784,1888,180,2520,434,761,500,1005,538,767,1273,545,1985,607,1030,895,424,2180,516,2144,374,2260,1032,1368,300,644,724,608,991,667,434,
Composition of Registered Voters,100%,49%,51%,33%,27%,24%,17%,59%,41%,38%,6%,39%,13%,5%,9%,33%,41%,14%,11%,17%,10%,27%,25%,25%,10%,25%,40%,24%,9%,18%,38%,20%,7%,25%,36%,21%,37%,43%,33%,35%,32%,43%,41%,16%,29%,70%,7%,93%,16%,28%,19%,37%,20%,28%,47%,20%,74%,22%,38%,33%,16%,81%,19%,79%,14%,84%,38%,51%,11%,24%,27%,23%,37%,25%,16%,
 ,,,,,,,,,,,,,,,,,,,,,,,,,,,,,,,,,,,,,,,,,,,,,,,,,,,,,,,,,,,,,,,,,,,,,,,,,,,,
